1441083660,40.7481393460001,-73.996424872	
1441083660,40.7208225200001,-73.9841713879999	
1441083660,40.7380615500001,-73.9792380649999	
1441083660,40.749193549,-73.975614653	
1441083660,40.7167169360001,-73.989157731	
1441083660,40.7325794010001,-73.999341144	
1441083660,40.806085151,-73.941454899	
1441083660,40.793018644,-73.974847412	
1441083660,40.719598095,-73.982367922	
1441083660,40.795814831,-73.937101065	
1441083660,40.8002220290001,-73.9308483419999	
1441083660,40.734327132,-73.987484218	
1441083660,40.7380615500001,-73.9792380649999	
1441083660,40.7652911160001,-73.993211061	
1441083660,40.7817057930001,-73.9518937189999	
1441083660,40.798500915,-73.9459401889999	
1441083660,40.829692079,-73.940653616	
1441083660,40.8011634260001,-73.959648928	
1441083660,40.7887212430001,-73.939996774	
1441083660,40.747595453,-73.9893945119999	
1441083660,40.8580648000001,-73.9319305499999	
1441083660,40.7494560530001,-73.971308865	
1441083660,40.7682657,-73.985466988	
1441083660,40.7946298580001,-73.949822168	
1441083660,40.8004083710001,-73.9518368619999	
1441083660,40.794280547,-73.971932406	
1441083660,40.8283525410001,-73.9404271659999	
1441083660,40.7329362200001,-74.000066396	
1441083660,40.744793357,-73.993292546	
1441083660,40.7793370250001,-73.9792540829999	
1441083660,40.799629816,-73.961679718	
1441083660,40.8267322610001,-73.9501014809999	
1441083660,40.786731898,-73.941132468	
1441083660,40.7136266470001,-74.006754106	
1441083660,40.761726342,-73.9769890059999	
1441083660,40.752198698,-73.9934650449999	
1441083660,40.7733323210001,-73.961073856	
1441083660,40.7579816670001,-73.9631691709999	
1441083660,40.7413130400001,-74.006208393	
1441083660,40.794478772,-73.943613991	
1441083660,40.7452952900001,-73.988730839	
1441083660,40.80111356,-73.9346869	
1441083660,40.772678538,-73.959521772	
1441083660,40.8105917120001,-73.960094769	
1441083660,40.8135746,-73.951321569	
1441083660,40.7521528170001,-73.977735823	
1441083660,40.7497551610001,-73.9856153919999	
1441083660,40.752900841,-73.987311092	
1441083660,40.8646153110001,-73.921569394	
1441083660,40.7248282050001,-73.9989660099999	
1441083660,40.8070763200001,-73.947847719	
1441083660,40.8070763200001,-73.947847719	
1441083660,40.7618746900001,-73.966358084	
1441083660,40.8050722,-73.941166819	
1441083660,40.8287729360001,-73.941312081	
1441083660,40.804718769,-73.93717573	
1441083660,40.8086528900001,-73.965344661	
1441083660,40.7665086320001,-73.982362725	
1441083660,40.7994317330001,-73.969304426	
1441083660,40.7468655590001,-74.007998969	
1441083660,40.735999287,-73.99573271	
1441083660,40.704307612,-74.013230769	
1441083660,40.725242576,-74.0046014169999	
1441083660,40.8530572780001,-73.93966763	
1441083660,40.7547373200001,-73.989757926	
1441083660,40.7294883070001,-74.010735392	
1441083660,40.819150527,-73.937183784	
1441083660,40.763800684,-73.973786302	
1441083660,40.7964241330001,-73.962165528	
1441083660,40.7391823020001,-73.9849897829999	
1441083660,40.803555901,-73.9652317279999	
1441083660,40.7394169720001,-73.976700807	
1441083660,40.785201489,-73.949334557	
1441083660,40.756978196,-73.9783406129999	
1441083660,40.804043833,-73.937667612	
1441083660,40.8026203060001,-73.951087574	
1441083660,40.7440387190001,-73.997551049	
1441083660,40.7197367150001,-73.9750049359999	
1441083660,40.814308168,-73.953076779	
1441083660,40.8080129270001,-73.9639036839999	
1441083660,40.7560435350001,-73.986949544	
1441083660,40.7803328690001,-73.976664827	
1441083660,40.827355944,-73.939914962	
1441083660,40.7175098810001,-74.013579701	
1441083660,40.7861233140001,-73.9426135639999	
1441083660,40.808021077,-73.9491257349999	
1441083660,40.766597244,-73.9885431229999	
1441083660,40.815669885,-73.936569294	
1441083660,40.7282942030001,-73.987896662	
1441083660,40.7225215830001,-73.984600298	
1441083660,40.7189992180001,-73.97924761	
1441083660,40.7422105740001,-74.006201259	
1441083660,40.747441011,-73.983201457	
1441083660,40.7605859670001,-73.9859271	
1441083660,40.7947785600001,-73.939409849	
1441083660,40.809858783,-73.935624768	
1441083660,40.858281565,-73.931818262	
1441083660,40.809858783,-73.935624768	
1441083660,40.809858783,-73.935624768	
1441083660,40.7869444630001,-73.9435734259999	
1441083660,40.8087499040001,-73.9525858059999	
1441083660,40.8395759580001,-73.9409845169999	
1441083660,40.799396535,-73.971175374	
1441083660,40.7091362090001,-74.00686186	
1441083660,40.7166756730001,-74.011765032	
1441083660,40.731978301,-73.999810214	
1441083660,40.738763281,-74.003447615	
1441083660,40.7237906450001,-73.9967147949999	
1441083660,40.769923083,-73.9529853019999	
1441083660,40.7165499760001,-73.9969857039999	
1441083660,40.750927823,-73.992530384	
1441083660,40.833809505,-73.941347389	
1441083660,40.8619441750001,-73.920773576	
1441083660,40.715298402,-74.0007914409999	
1441083660,40.70523875,-74.004751518	
1441083660,40.7291016770001,-74.00524752	
1441083660,40.7214328920001,-74.003450325	
1441083660,40.745364409,-73.996583812	
1441083660,40.8611160560001,-73.9260852789999	
1441083660,40.8611160560001,-73.9260852789999	
1441083660,40.7336141390001,-74.0028592	
1441083660,40.8611160560001,-73.9260852789999	
1441083660,40.7988412080001,-73.952018585	
1441083660,40.753320236,-73.9696613409999	
1441083660,40.8369263180001,-73.939071513	
1441083660,40.740160775,-73.9765742439999	
1441083660,40.7238096130001,-73.991804659	
1441083660,40.7517239360001,-74.004949734	
1441083660,40.8262858790001,-73.93552577	
1441083660,40.742833788,-73.998428024	
1441083660,40.742273842,-74.0025492189999	
1441083660,40.74887246,-73.975834925	
1441083660,40.811944624,-73.959418415	
1441083660,40.832941761,-73.935432593	
1441083660,40.7906352210001,-73.947459736	
1441083660,40.778773711,-73.97595045	
1441083660,40.791594778,-73.966599479	
1441083660,40.741565424,-73.99167978	
1441083660,40.7504307680001,-73.989282176	
1441083660,40.7794627980001,-73.9445691129999	
1441083660,40.758895066,-73.984837345	
1441083660,40.727484394,-73.9869298799999	
1441083660,40.7989702400001,-73.9403270459999	
1441083660,40.78556509,-73.946142079	
1441083660,40.7504307680001,-73.989282176	
1441083660,40.7368388730001,-73.990543709	
1441083660,40.755451586,-73.965015002	
1441083660,40.7597667270001,-73.9663627589999	
1441083660,40.797011899,-73.937775323	
1441083660,40.8028091350001,-73.956548815	
1441083660,40.8524844770001,-73.936132952	
1441083660,40.7717020330001,-73.984830819	
1441083660,40.717562683,-73.994128595	
1441083660,40.7319504590001,-74.009530656	
1441083660,40.7399543930001,-74.006100008	
1441083660,40.776412362,-73.948250846	
1441083660,40.7927895230001,-73.969437501	
1441083660,40.8139047010001,-73.9530951259999	
1441083660,40.826906394,-73.935900956	
1441083660,40.8040460070001,-73.9366201029999	
1441083660,40.7308445780001,-74.005658984	
1441083660,40.7630609460001,-73.959469859	
1441083660,40.788077027,-73.947234248	
1441083660,40.7440387190001,-73.997551049	
1441083660,40.723573344,-74.0108534939999	
1441083660,40.7566420420001,-73.988371577	
1441083660,40.7467849390001,-73.982685537	
1441083660,40.865311166,-73.9196813249999	
1441083660,40.756916248,-73.9859639699999	
1441083660,40.7707717750001,-73.961959873	
1441083660,40.7548906870001,-73.9714472909999	
1441083660,40.760399691,-73.989345547	
1441083660,40.8313939000001,-73.935715955	
1441083660,40.8662087220001,-73.928060895	
1441083660,40.792404135,-73.976313896	
1441083660,40.7129019170001,-74.008460215	
1441083660,40.7370201960001,-73.99288918	
1441083660,40.747777093,-74.0003984429999	
1441083660,40.763522976,-73.987070815	
1441083660,40.7422378520001,-73.991192516	
1441083660,40.7587596000001,-73.97868295	
1441083660,40.7275234540001,-73.9950116639999	
1441083660,40.734470534,-73.998951427	
1441083660,40.7482979910001,-73.988178144	
1441083660,40.7528838800001,-73.983434689	
1441083660,40.7642563310001,-73.9738727609999	
1441083660,40.7184548340001,-73.996758348	
1441083660,40.7553003360001,-73.994922957	
1441083660,40.7220971610001,-74.001808879	
1441083660,40.7401823600001,-73.998500259	
1441083660,40.722862816,-73.974192033	
1441083660,40.8046164130001,-73.952744071	
1441083660,40.7538749240001,-73.98482044	
1441083660,40.7067562600001,-74.010089717	
1441083660,40.7428584830001,-74.0021234069999	
1441083660,40.713198413,-73.9924191819999	
1441083660,40.7353625210001,-73.9961982299999	
1441083660,40.821592616,-73.941036595	
1441083660,40.7510892560001,-73.986853066	
1441083660,40.734209293,-73.989342517	
1441083660,40.734895538,-73.989959434	
1441083660,40.751646125,-73.9843373099999	
1441083660,40.8298606590001,-73.942937193	
1441083660,40.853693664,-73.933952075	
1441083660,40.7620917460001,-73.978829885	
1441083660,40.7525963910001,-73.989469511	
1441083660,40.829369979,-73.938800196	
1441083660,40.762244207,-73.989865067	
1441083660,40.7911928520001,-73.97246097	
1441083660,40.784860967,-73.973366351	
1441083660,40.763800684,-73.973786302	
1441083660,40.76263677,-73.973165867	
1441083660,40.806923748,-73.957268578	
1441083660,40.8175673900001,-73.9382329969999	
1441083660,40.8616387370001,-73.927964612	
1441083660,40.7994317330001,-73.969304426	
1441083660,40.7504307680001,-73.989282176	
1441083660,40.7984432160001,-73.935177111	
1441083660,40.7147756050001,-73.982729923	
1441083660,40.7232702960001,-73.980584741	
1441083660,40.7568749110001,-73.970544057	
1441083660,40.7817667370001,-73.983051973	
1441083660,40.7611154900001,-73.9842809359999	
1441083660,40.789900501,-73.9742671669999	
1441083660,40.765814618,-73.9708469559999	
1441083660,40.791594778,-73.966599479	
1441083660,40.798791796,-73.96778054	
1441083660,40.806096945,-73.9633809539999	
1441083660,40.8141131610001,-73.9408553649999	
1441083660,40.746796062,-73.983674396	
1441083660,40.832747006,-73.940770142	
1441083660,40.7328283320001,-73.986062857	
1441083660,40.7440387190001,-73.997551049	
1441083660,40.7504307680001,-73.989282176	
1441083660,40.782957004,-73.950972024	
1441083660,40.800855144,-73.938945604	
1441083660,40.8253760430001,-73.938099286	
1441083660,40.782452892,-73.946855947	
1441083660,40.7422378520001,-73.991192516	
1441083660,40.7981460870001,-73.9503576719999	
1441083660,40.754546175,-73.977424615	
1441083660,40.7347267050001,-73.9794123039999	
1441083660,40.722050505,-73.998507881	
1441083660,40.7656313210001,-73.991106394	
1441083660,40.797686835,-73.937283495	
1441083660,40.8678578290001,-73.919085298	
1441083660,40.762268728,-73.987984345	
1441083660,40.757515648,-73.9650572319999	
1441083660,40.7510286180001,-73.9847886059999	
1441083660,40.7578390030001,-73.991212111	
1441083660,40.7614311040001,-73.9840498359999	
1441083660,40.730122824,-73.997717531	
1441083660,40.7370822840001,-73.9829622999999	
1441083660,40.7405052780001,-73.985036397	
1441083660,40.7565405400001,-73.962747655	
1441083660,40.8253760430001,-73.938099286	
1441083660,40.715561447,-73.98975673	
1441083660,40.8410406950001,-73.944626231	
1441083660,40.7443073160001,-73.9902178519999	
1441083660,40.755648675,-73.990952519	
1441083660,40.803235241,-73.9346992659999	
1441083660,40.7938729040001,-73.945098846	
1441083660,40.7381482760001,-74.007312304	
1441083660,40.759458873,-73.975484557	
1441083660,40.821380135,-73.957103936	
1441083660,40.722189631,-73.985870268	
1441083660,40.7522636300001,-73.983882395	
1441083660,40.7841648940001,-73.978598986	
1441083660,40.7618746900001,-73.966358084	
1441083660,40.7388397400001,-73.989861409	
1441083660,40.750128397,-73.9708321649999	
1441083660,40.850860889,-73.9289305469999	
1441083660,40.8122676570001,-73.957084521	
1441083660,40.7397243390001,-73.976476965	
1441083660,40.7397243390001,-73.976476965	
1441083660,40.8030808130001,-73.9383728609999	
1441083660,40.7562662070001,-73.990501248	
1441083660,40.7333012380001,-74.0028050619999	
1441083660,40.727537281,-74.000964769	
1441083660,40.735120728,-73.991456867	
1441083660,40.7591399360001,-73.9902662109999	
1441083660,40.7725616800001,-73.989769627	
1441083660,40.8157511860001,-73.9397484149999	
1441083660,40.864468978,-73.920307802	
1441083660,40.7352253,-74.0032489709999	
1441083660,40.797088586,-73.9427521919999	
1441083660,40.710335478,-74.0095456	
1441083660,40.7171970580001,-74.012894235	
1441083660,40.733161216,-74.0041292829999	
1441083660,40.7366909460001,-73.995231092	
1441083660,40.749681321,-73.9879577409999	
1441083660,40.7764039360001,-73.954287761	
1441083660,40.8574221010001,-73.931190135	
1441083660,40.7446509750001,-73.975554965	
1441083660,40.7581872960001,-73.9880031289999	
1441083660,40.725259087,-74.003378367	
1441083660,40.7185640660001,-73.988201454	
1441083660,40.7192837800001,-74.001989177	
1441083660,40.7276245990001,-74.010929921	
1441083660,40.7372030990001,-73.983272598	
1441083660,40.8161745950001,-73.946792892	
1441083660,40.7623547960001,-73.976526731	
1441083660,40.7964947510001,-73.946436618	
1441083660,40.721273571,-73.99359795	
1441083660,40.8095968380001,-73.9497855979999	
1441083660,40.7356530610001,-73.989630956	
1441083660,40.7566420420001,-73.988371577	
1441083660,40.745701932,-73.994487009	
1441083660,40.803848397,-73.953998008	
1441083660,40.7661891270001,-73.957186411	
1441083660,40.755648675,-73.990952519	
1441083660,40.7986333000001,-73.9416203709999	
1441083660,40.7149661500001,-74.005657635	
1441083660,40.8008808930001,-73.940953807	
1441083660,40.735211323,-73.9916913979999	
1441083660,40.728615975,-74.0000591749999	
1441083660,40.7306678090001,-73.9830794	
1441083660,40.7462510130001,-73.9996513789999	
1441083660,40.7578390030001,-73.991212111	
1441083660,40.7645355390001,-73.9707283879999	
1441083660,40.80904637,-73.946401231	
1441083660,40.729697319,-74.004547604	
1441083660,40.801755583,-73.934260057	
1441083660,40.7380024,-73.9878912899999	
1441083660,40.8163292620001,-73.9430607899999	
1441083660,40.7310308190001,-73.9888342789999	
1441083660,40.7573171990001,-73.98788056	
1441083660,40.799196819,-73.9330815169999	
1441083660,40.749221209,-73.9766396319999	
1441083660,40.717076767,-73.992523354	
1441083660,40.725283501,-73.991173109	
1441083660,40.737851892,-74.006478708	
1441083660,40.7476176710001,-73.973828759	
1441083660,40.7817057930001,-73.9518937189999	
1441083660,40.7650240790001,-73.9848359499999	
1441083660,40.736298278,-73.992167574	
1441083660,40.761555478,-73.963654517	
1441083660,40.7783576150001,-73.9528638039999	
1441083660,40.79962153,-73.941872335	
1441083660,40.7656176880001,-73.96362342	
1441083660,40.8698846720001,-73.920897897	
1441083660,40.757034305,-73.9862382709999	
1441083660,40.767925383,-73.985716162	
1441083660,40.745410898,-73.992841369	
1441083660,40.786731898,-73.941132468	
1441083660,40.8017043460001,-73.952959245	
1441083660,40.8416427670001,-73.9410658099999	
1441083660,40.744143927,-73.979283085	
1441083660,40.7050103380001,-74.012632192	
1441083660,40.721726629,-74.001054875	
1441083660,40.745410898,-73.992841369	
1441083660,40.7406100650001,-73.9894172749999	
1441083660,40.7207796640001,-73.9975050039999	
1441083660,40.8156962570001,-73.9582925719999	
1441083660,40.795814831,-73.937101065	
1441083660,40.720663793,-73.9880639949999	
1441083660,40.720663793,-73.9880639949999	
1441083660,40.760399691,-73.989345547	
1441083660,40.7233929980001,-73.976255443	
1441083660,40.754849215,-73.9841199909999	
1441083660,40.7468512290001,-73.985724288	
1441083660,40.7165145550001,-73.975893551	
1441083660,40.7190946000001,-73.9757483189999	
1441083660,40.725944799,-74.01102345	
1441083660,40.7354283830001,-74.00413664	
1441083660,40.7597935210001,-73.9958539149999	
1441083660,40.7876042560001,-73.9519616819999	
1441083660,40.795581553,-73.932297815	
1441083660,40.7604649100001,-73.9837324109999	
1441083660,40.800930373,-73.941098241	
1441083660,40.773331985,-73.960091822	
1441083660,40.7271749780001,-74.0002287459999	
1441083660,40.738153653,-74.008903662	
1441083660,40.764740202,-73.966360247	
1441083660,40.739844487,-74.007998126	
1441083660,40.7162450700001,-73.992014814	
1441083660,40.7428200250001,-73.996580334	
1441083660,40.7335207990001,-74.0035339409999	
1441083660,40.749121191,-73.9861677229999	
1441083660,40.86209525,-73.925057462	
1441083660,40.758895066,-73.984837345	
1441083660,40.7399708020001,-74.007139291	
1441083660,40.76552838,-73.9800381439999	
1441083660,40.7335207990001,-74.0035339409999	
1441083660,40.739583983,-74.002657374	
1441083660,40.7504307680001,-73.989282176	
1441083660,40.7976115700001,-73.940270476	
1441083660,40.7218333970001,-73.9919456	
1441083660,40.7299798510001,-73.9921394519999	
1441083660,40.824040004,-73.944759612	
1441083660,40.7255198190001,-74.0040313979999	
1441083660,40.7330623010001,-74.006409686	
1441083660,40.701541003,-74.012187932	
1441083660,40.737023123,-73.997093032	
1441083660,40.7559778620001,-73.988862583	
1441083660,40.7152594300001,-74.0112309039999	
1441083660,40.721946186,-73.997443631	
1441083660,40.754849215,-73.9841199909999	
1441083660,40.7618746900001,-73.966358084	
1441083660,40.8008808930001,-73.940953807	
1441083660,40.7582323710001,-73.977430585	
1441083660,40.7582323710001,-73.977430585	
1441083660,40.7356176120001,-73.9926692189999	
1441083660,40.7936274150001,-73.97240579	
1441083660,40.800930373,-73.941098241	
1441083660,40.8230562520001,-73.9424227379999	
1441083660,40.7401602950001,-73.994808634	
1441083660,40.753730386,-73.996060026	
1441083660,40.75012867,-73.9875317789999	
1441083660,40.764468014,-73.975406903	
1441083660,40.8007627270001,-73.968566982	
1441083660,40.854578297,-73.930701459	
1441083660,40.803848397,-73.953998008	
1441083660,40.7861718090001,-73.952695772	
1441083660,40.7327547830001,-74.0080802649999	
1441083660,40.7605859670001,-73.9859271	
1441083660,40.8288510450001,-73.943834191	
1441083660,40.789063006,-73.9486057519999	
1441083660,40.846372327,-73.936695437	
1441083660,40.821705122,-73.9529125889999	
1441083660,40.7931526570001,-73.937497233	
1441083660,40.715210572,-73.999640719	
1441083660,40.811733093,-73.951803379	
1441083660,40.789310287,-73.9738376509999	
1441083660,40.7950185290001,-73.970530793	
1441083660,40.8288510450001,-73.943834191	
1441083660,40.7297244490001,-73.9903138029999	
1441083660,40.794501225,-73.944636047	
1441083660,40.7592493610001,-73.9866348749999	
1441083660,40.745676707,-73.987720275	
1441083660,40.701541003,-74.012187932	
1441083660,40.753730386,-73.996060026	
1441083660,40.764094207,-73.990370175	
1441083660,40.828628253,-73.9487197299999	
1441083660,40.7996652640001,-73.9471997799999	
1441083660,40.7996652640001,-73.9471997799999	
1441083660,40.718183078,-73.9959755469999	
1441083660,40.768018791,-73.954376549	
1441083660,40.777859461,-73.97476648	
1441083660,40.726523446,-73.9846390599999	
1441083660,40.8104760430001,-73.951880151	
1441083660,40.7523879170001,-73.973274664	
1441083660,40.760622389,-73.994756504	
1441083660,40.809628853,-73.941975579	
1441083660,40.731747425,-73.991460908	
1441083660,40.7573798720001,-73.984126607	
1441083660,40.730600184,-73.992409987	
1441083660,40.7117848440001,-73.9921848819999	
1441083660,40.728618596,-73.9946579969999	
1441083660,40.758860827,-73.9769755579999	
1441083660,40.754669554,-73.9767460039999	
1441083660,40.754669554,-73.9767460039999	
1441083660,40.7188199330001,-74.0001890349999	
1441083660,40.740270052,-74.0058654759999	
1441083660,40.844332954,-73.941800739	
1441083660,40.7528838800001,-73.983434689	
1441083660,40.798294748,-73.9397714369999	
1441083660,40.783269805,-73.950740692	
1441083660,40.752305918,-74.001549833	
1441083660,40.7550692300001,-73.9876716219999	
1441083660,40.8420058080001,-73.937263399	
1441083660,40.847734406,-73.933079677	
1441083660,40.7188581230001,-73.992620556	
1441083660,40.7401952870001,-73.98636805	
1441083660,40.808142838,-73.945300203	
1441083660,40.7566420420001,-73.988371577	
1441083660,40.7158445000001,-73.99490071	
1441083660,40.742663608,-73.998049108	
1441083660,40.756717855,-73.980639964	
1441083660,40.7645355390001,-73.9707283879999	
1441083660,40.7600485410001,-73.99146089	
1441083660,40.754119792,-73.990212802	
1441083660,40.7482129790001,-73.9889432799999	
1441083660,40.701541003,-74.012187932	
1441083660,40.7359131420001,-73.9838141819999	
1441083660,40.714937718,-74.016075402	
1441083660,40.756554529,-73.992147146	
1441083660,40.798500915,-73.9459401889999	
1441083660,40.7773822680001,-73.9505609029999	
1441083660,40.8043840460001,-73.9374216689999	
1441083660,40.7113706060001,-73.996783942	
1441083660,40.7644856380001,-73.9815979529999	
1441083660,40.8025395340001,-73.9549380349999	
1441083660,40.7496544680001,-73.997171882	
1441083660,40.790582117,-73.9454049139999	
1441083660,40.758207461,-73.976398247	
1441083660,40.7573961740001,-73.96962339	
1441083660,40.820071677,-73.94032619	
1441083660,40.760399691,-73.989345547	
1441083660,40.8230562520001,-73.9424227379999	
1441083660,40.723968133,-73.9850617559999	
1441083660,40.7290760130001,-73.984216332	
1441083660,40.7398438560001,-73.985523708	
1441083660,40.757919513,-73.977654485	
1441083660,40.710783222,-73.996632474	
1441083660,40.761308306,-73.990540236	
1441083660,40.737472885,-73.990229681	
1441083660,40.8147122300001,-73.9422746119999	
1441083660,40.7765447190001,-73.949626381	
1441083660,40.790956582,-73.942201312	
1441083660,40.8016146160001,-73.942697733	
1441083660,40.8543787940001,-73.9321512129999	
1441083660,40.7669373630001,-73.986434779	
1441083660,40.7981197060001,-73.9691280549999	
1441083660,40.729373465,-73.9961949629999	
1441083660,40.788861361,-73.95200411	
1441083660,40.826247331,-73.945971847	
1441083660,40.7647199690001,-73.989915229	
1441083660,40.744813924,-73.980885219	
1441083660,40.7929989790001,-73.9728574869999	
1441083660,40.8117519090001,-73.9508605	
1441083660,40.744793357,-73.993292546	
1441083660,40.8132264880001,-73.952441726	
1441083660,40.7203981650001,-74.0010440309999	
1441083660,40.7351564200001,-74.008405308	
1441083660,40.797670254,-73.96220816	
1441083660,40.798500915,-73.9459401889999	
1441083660,40.735211323,-73.9916913979999	
1441083660,40.7248007310001,-73.997317247	
1441083660,40.8066596400001,-73.9556432429999	
1441083660,40.8119865080001,-73.947576544	
1441083660,40.7510286180001,-73.9847886059999	
1441083660,40.761561058,-73.994070571	
1441083660,40.794241067,-73.935235376	
1441083660,40.7190559310001,-74.0034574169999	
1441083660,40.7251969440001,-73.9795920299999	
1441083660,40.7679551100001,-73.982362342	
1441083660,40.7912635540001,-73.9470005919999	
1441083660,40.7637926580001,-73.9974167569999	
1441083660,40.8023265310001,-73.966128146	
1441083660,40.8163292620001,-73.9430607899999	
1441083660,40.735211323,-73.9916913979999	
1441083660,40.7477606030001,-74.002271534	
1441083660,40.7984552400001,-73.948082015	
1441083660,40.7849999680001,-73.982610602	
1441083660,40.7441727070001,-73.988940342	
1441083660,40.755648675,-73.990952519	
1441083660,40.7861233140001,-73.9426135639999	
1441083660,40.78556509,-73.946142079	
1441083660,40.8409749940001,-73.939505111	
1441083660,40.8160408860001,-73.948516277	
1441083660,40.711147985,-74.008831519	
1441083660,40.742343933,-73.982686691	
1441083660,40.756717855,-73.980639964	
1441083660,40.782556153,-73.976905979	
1441083660,40.8083741360001,-73.9468858229999	
1441083660,40.7391737770001,-73.982907637	
1441083660,40.7981595320001,-73.9384026989999	
1441083660,40.870603326,-73.916359329	
1441083660,40.7613053160001,-73.9720979099999	
1441083660,40.821714877,-73.95679661	
1441083660,40.7156824140001,-73.9923070729999	
1441083660,40.72077382,-73.990628962	
1441083660,40.7460284380001,-73.992393794	
1441083660,40.7986333000001,-73.9416203709999	
1441083660,40.7504307680001,-73.989282176	
1441083660,40.766597244,-73.9885431229999	
1441083660,40.8134740150001,-73.947286365	
1441083660,40.833809505,-73.941347389	
1441083660,40.7946592850001,-73.971787782	
1441083660,40.8325611240001,-73.942266354	
1441083660,40.7429641780001,-73.982231823	
1441083660,40.7504307680001,-73.989282176	
1441083660,40.8017764510001,-73.937229074	
1441083660,40.8207753340001,-73.9545860649999	
1441083660,40.760679624,-73.9725529999999	
1441083660,40.715468274,-73.991600069	
1441083660,40.8122676570001,-73.957084521	
1441083660,40.752531784,-73.9670774429999	
1441083660,40.720335773,-73.9784751779999	
1441083660,40.7645355390001,-73.9707283879999	
1441083660,40.806360935,-73.964977409	
1441083660,40.8346993700001,-73.942495779	
1441083660,40.754119792,-73.990212802	
1441083660,40.704307612,-74.013230769	
1441083660,40.7128896460001,-73.980786157	
1441083660,40.854004418,-73.9303116579999	
1441083660,40.747099109,-74.0027479	
1441083660,40.750446219,-73.968670124	
1441083660,40.7594339460001,-73.9744522	
1441083660,40.7645355390001,-73.9707283879999	
1441083660,40.861480398,-73.9249966949999	
1441083660,40.796956235,-73.9702446109999	
1441083660,40.78038838,-73.945842958	
1441083660,40.798500915,-73.9459401889999	
1441083660,40.8026203060001,-73.951087574	
1441083660,40.7119056930001,-74.00654472	
1441083660,40.7864938010001,-73.972174023	
1441083660,40.723538009,-73.99382502	
1441083660,40.7625543410001,-73.989633989	
1441083660,40.861266748,-73.925669364	
1441083660,40.7471263130001,-73.973619629	
1441083660,40.7656787010001,-73.965673872	
1441083660,40.7102533340001,-74.006735729	
1441083660,40.7560772480001,-73.964556268	
1441083660,40.7422378520001,-73.991192516	
1441083660,40.7269717030001,-73.9938860359999	
1441083660,40.721973367,-74.008234086	
1441083660,40.73563375,-73.98860618	
1441083660,40.721726629,-74.001054875	
1441083660,40.7428336580001,-74.005703308	
1441083660,40.7926487820001,-73.951268251	
1441083660,40.7099844900001,-73.9964413439999	
1441083660,40.720891684,-73.9888179389999	
1441083660,40.7948359490001,-73.976233576	
1441083660,40.804652522,-73.9537987859999	
1441083660,40.7404999170001,-73.986057644	
1441083660,40.8027073150001,-73.949187588	
1441083660,40.8309055280001,-73.9360524859999	
1441083660,40.7200001800001,-74.0002467589999	
1441083660,40.7308639280001,-73.9992257019999	
1441083660,40.762977758,-73.976071669	
1441083660,40.720505465,-73.976025587	
1441083660,40.815669885,-73.936569294	
1441083660,40.751669511,-73.9765774159999	
1441083660,40.753063427,-73.9965473239999	
1441083660,40.7755161800001,-73.978330974	
1441083660,40.7266946130001,-74.0027362339999	
1441083660,40.7104069900001,-74.007561752	
1441083660,40.7326239070001,-73.977709874	
1441083660,40.7410881280001,-74.001556788	
1441083660,40.8083741360001,-73.9468858229999	
1441083660,40.842021747,-73.9362984059999	
1441083660,40.8432618570001,-73.935400892	
1441083660,40.740105494,-74.002271273	
1441083660,40.7399761410001,-73.99073452	
1441083660,40.7189992180001,-73.97924761	
1441083660,40.724034972,-73.999099508	
1441083660,40.7550129790001,-73.966881308	
1441083660,40.734321751,-73.9885342379999	
1441083660,40.7994946380001,-73.9684736729999	
1441083660,40.7504307680001,-73.989282176	
1441083660,40.717279766,-73.990939689	
1441083660,40.7397243390001,-73.976476965	
1441083660,40.8134144410001,-73.9432113999999	
1441083660,40.8321111060001,-73.948294253	
1441083660,40.7899592750001,-73.945856841	
1441083660,40.753604513,-73.9654851879999	
1441083660,40.710228568,-74.007745689	
1441083660,40.791535421,-73.970351765	
1441083660,40.821236836,-73.943092722	
1441083660,40.7382264830001,-73.980663379	
1441083660,40.7562662070001,-73.990501248	
1441083660,40.827355944,-73.939914962	
1441083660,40.8613325040001,-73.9254885299999	
1441083660,40.7328304330001,-73.98149123	
1441083660,40.801282804,-73.955856318	
1441083660,40.8129478930001,-73.9558810949999	
1441083660,40.7582323710001,-73.977430585	
1441083660,40.8043840460001,-73.9374216689999	
1441083660,40.725171296,-74.0014157099999	
1441083660,40.742123792,-73.9792909299999	
1441083660,40.7527971260001,-73.994883445	
1441083660,40.858181668,-73.9256149719999	
1441083660,40.7619219330001,-73.968415651	
1441083660,40.8467714170001,-73.9337782269999	
1441083660,40.7622347710001,-73.968188083	
1441083660,40.7659141450001,-73.992756136	
1441083660,40.8073954830001,-73.949588584	
1441083660,40.743686429,-73.9849165909999	
1441083660,40.803915987,-73.9670231329999	
1441083660,40.798483162,-73.9491474709999	
1441083660,40.73563375,-73.98860618	
1441083660,40.738906059,-73.9994349039999	
1441083660,40.7750419830001,-73.9820680139999	
1441083660,40.8439170290001,-73.933965396	
1441083660,40.7190007770001,-73.991538297	
1441083660,40.7941502560001,-73.939869087	
1441083660,40.7449435390001,-73.9850209649999	
1441083660,40.8040460070001,-73.9366201029999	
1441083660,40.713143696,-74.004059506	
1441083660,40.778805016,-73.9820597789999	
1441083660,40.7339940680001,-73.980635741	
1441083660,40.745525081,-73.982570379	
1441083660,40.7579891390001,-73.983653605	
1441083660,40.7597667270001,-73.9663627589999	
1441083660,40.795855886,-73.947870955	
1441083660,40.7645355390001,-73.9707283879999	
1441083660,40.8113759780001,-73.9580532419999	
1441083660,40.7114816960001,-73.9814755149999	
1441083660,40.743889053,-73.981560335	
1441083660,40.818166085,-73.95030661	
1441083660,40.7192197540001,-73.985492111	
1441083660,40.7318563860001,-73.9837502199999	
1441083660,40.7412082560001,-73.987757185	
1441083660,40.7565896470001,-73.9861553439999	
1441083660,40.8113759780001,-73.9580532419999	
1441083660,40.8113759780001,-73.9580532419999	
1441083660,40.8148528940001,-73.956313353	
1441083660,40.751857978,-73.988668372	
1441083660,40.717441604,-73.989713153	
1441083660,40.7591399360001,-73.9902662109999	
1441083660,40.764066631,-73.9550579209999	
1441083660,40.723831735,-73.99456458	
1441083660,40.7408805790001,-73.980197092	
1441083660,40.786627088,-73.9795190359999	
1441083660,40.812486101,-73.941958638	
1441083660,40.7413413730001,-73.978392609	
1441083660,40.77009364,-73.961407892	
1441083660,40.7323560930001,-73.984940805	
1441083660,40.7330266180001,-73.993571564	
1441083660,40.714430898,-74.006101278	
1441083660,40.749193549,-73.975614653	
1441083660,40.803706365,-73.937913548	
1441083660,40.71918772,-74.001581528	
1441083660,40.736103305,-74.009127108	
1441083660,40.756707459,-73.9844949389999	
1441083660,40.822937021,-73.940052637	
1441083660,40.7582323710001,-73.977430585	
1441083660,40.8043840460001,-73.9374216689999	
1441083660,40.7286929690001,-73.9755103059999	
1441083660,40.7746295370001,-73.95809444	
1441083660,40.7504307680001,-73.989282176	
1441083660,40.7100938470001,-74.01060963	
1441083660,40.757279225,-73.993471766	
1441083660,40.7614311040001,-73.9840498359999	
1441083660,40.7582285730001,-73.989071565	
1441083660,40.7689430230001,-73.968563949	
1441083660,40.72851158,-73.995329093	
1441083660,40.7981933240001,-73.9673510279999	
1441083660,40.803306283,-73.950606668	
1441083660,40.7912411190001,-73.945971363	
1441083660,40.757240531,-73.9897936369999	
1441083660,40.7035804720001,-74.0111207369999	
1441083660,40.742833788,-73.998428024	
1441083660,40.803848397,-73.953998008	
1441083660,40.725892711,-73.9896505139999	
1441083660,40.7497038020001,-74.004935148	
1441083660,40.800252583,-73.941409462	
1441083660,40.7988015070001,-73.9735883179999	
1441083660,40.7497145780001,-73.99156327	
1441083660,40.716137819,-73.9894572329999	
1441083660,40.7635920720001,-73.9636353559999	
1441083660,40.7108315520001,-74.016085232	
1441083660,40.7437663870001,-73.9879696369999	
1441083660,40.743046829,-73.984360984	
1441083660,40.73669807,-73.983316026	
1441083660,40.740626761,-74.0077131369999	
1441083660,40.7410509760001,-73.9815394679999	
1441083660,40.782532207,-73.959696328	
1441083660,40.7320386580001,-74.0024838799999	
1441083660,40.809858783,-73.935624768	
1441083660,40.7180067310001,-73.9868343379999	
1441083660,40.7351564200001,-74.008405308	
1441083660,40.7466292340001,-73.972425255	
1441083660,40.8061616570001,-73.9356572409999	
1441083660,40.870603326,-73.916359329	
1441083660,40.7618746900001,-73.966358084	
1441083660,40.803706365,-73.937913548	
1441083660,40.717798648,-73.992660356	
1441083660,40.795814831,-73.937101065	
1441083660,40.7373452520001,-73.9797037819999	
1441083660,40.742792122,-73.989196794	
1441083660,40.7560435350001,-73.986949544	
1441083660,40.7780169750001,-73.980211324	
1441083660,40.729054637,-74.0107244979999	
1441083660,40.726908042,-73.987352119	
1441083660,40.806923748,-73.957268578	
1441083660,40.7807097790001,-73.9815248639999	
1441083660,40.7515538120001,-74.003589037	
1441083660,40.7099375330001,-74.008982852	
1441083660,40.7762496870001,-73.952937509	
1441083660,40.7329574940001,-73.98743396	
1441083660,40.7546133640001,-73.985617953	
1441083660,40.7081152700001,-74.004574985	
1441083660,40.8095968380001,-73.9497855979999	
1441083660,40.751899531,-74.006368188	
1441083660,40.7071518590001,-74.004531637	
1441083660,40.734645797,-73.99033113	
1441083660,40.7436156630001,-73.990513877	
1441083660,40.7560976180001,-73.98109855	
1441083660,40.7933342370001,-73.974616155	
1441083660,40.8411824660001,-73.942674494	
1441083660,40.798294748,-73.9397714369999	
1441083660,40.7936274150001,-73.97240579	
1441083660,40.762977758,-73.976071669	
1441083660,40.749221209,-73.9766396319999	
1441083660,40.785523588,-73.9788729909999	
1441083660,40.8117554730001,-73.95282209	
1441083660,40.7873183300001,-73.9772257229999	
1441083660,40.7610144720001,-73.9888978389999	
1441083660,40.7437663870001,-73.9879696369999	
1441083660,40.7177427010001,-73.9827904809999	
1441083660,40.7401602950001,-73.994808634	
1441083660,40.813088658,-73.9579799109999	
1441083660,40.797053412,-73.964476665	
1441083660,40.7381482760001,-74.007312304	
1441083660,40.7581825410001,-73.975362299	
1441083660,40.797053412,-73.964476665	
1441083660,40.8095968380001,-73.9497855979999	
1441083660,40.7257924790001,-73.979155299	
1441083660,40.7517974800001,-73.987567559	
1441083660,40.7699324000001,-73.949075405	
1441083660,40.7370822840001,-73.9829622999999	
1441083660,40.800930373,-73.941098241	
1441083660,40.804685772,-73.932223537	
1441083660,40.7328283320001,-73.986062857	
1441083660,40.73667729,-73.997342029	
1441083660,40.814850289,-73.956681848	
1441083660,40.8505554340001,-73.937013157	
1441083660,40.705235272,-74.013826065	
1441083660,40.8026203060001,-73.951087574	
1441083660,40.8042044470001,-73.9459138839999	
1441083660,40.7398357450001,-73.986541336	
1441083660,40.74623646,-73.9861719309999	
1441083660,40.7487923900001,-73.992234678	
1441083660,40.750664208,-73.990866575	
1441083660,40.7538749240001,-73.98482044	
1441083660,40.7817057930001,-73.9518937189999	
1441083660,40.727484394,-73.9869298799999	
1441083660,40.7476835150001,-74.007699518	
1441083660,40.7541710290001,-73.982503147	
1441083660,40.726823891,-73.975990843	
1441083660,40.7582323710001,-73.977430585	
1441083660,40.7608871530001,-73.9808192409999	
1441083660,40.8495048980001,-73.9287584969999	
1441083660,40.8622552420001,-73.926297313	
1441083660,40.7515302130001,-73.980222801	
1441083660,40.7560976180001,-73.98109855	
1441083660,40.8713224520001,-73.9163801189999	
1441083660,40.720891684,-73.9888179389999	
1441083660,40.764148726,-73.986612233	
1441083660,40.7592515910001,-73.9827581	
1441083660,40.7317148010001,-74.000957613	
1441083660,40.745098591,-73.976623032	
1441083660,40.7559369910001,-73.992598403	
1441083660,40.849617531,-73.9335223749999	
1441083660,40.8021397370001,-73.9390600089999	
1441083660,40.715832817,-73.9862936709999	
1441083660,40.7436670800001,-73.983913345	
1441083660,40.756707459,-73.9844949389999	
1441083660,40.7896231340001,-73.973610015	
1441083660,40.7260166300001,-73.996285351	
1441083660,40.7298831000001,-73.985186712	
1441083660,40.773312409,-73.959059252	
1441083660,40.8610498510001,-73.921428991	
1441083660,40.7257639800001,-74.006668748	
1441083660,40.755837222,-73.98339786	
1441083660,40.7244710420001,-74.008981204	
1441083660,40.750411107,-73.985236286	
1441083660,40.755311535,-73.975352533	
1441083660,40.777254828,-73.986346022	
1441083660,40.7855371420001,-73.951179568	
1441083660,40.7855371420001,-73.951179568	
1441083660,40.828653408,-73.949745924	
1441083660,40.776229341,-73.9759549789999	
1441083660,40.7389855760001,-73.995663956	
1441083660,40.8180796230001,-73.94721046	
1441083660,40.822607062,-73.9443452949999	
1441083660,40.7578390030001,-73.991212111	
1441083660,40.7266503370001,-73.990491036	
1441083660,40.7280423010001,-74.0021517979999	
1441083660,40.7290820380001,-73.988787701	
1441083660,40.8054069230001,-73.940906446	
1441083660,40.7336382510001,-73.9879822899999	
1441083660,40.8662859670001,-73.920305624	
1441083660,40.7294991570001,-73.987950564	
1441083660,40.76263677,-73.973165867	
1441083660,40.729864343,-73.989307131	
1441083660,40.7595916060001,-73.9806571779999	
1441083660,40.7399543930001,-74.006100008	
1441083660,40.760462294,-73.984674551	
1441083660,40.7359114000001,-74.0055439449999	
1441083660,40.749121191,-73.9861677229999	
1441083660,40.861559813,-73.9247182349999	
1441083660,40.7633203390001,-73.973717904	
1441083660,40.7255581270001,-73.9934027159999	
1441083660,40.7218220190001,-73.9874793509999	
1441083660,40.745410898,-73.992841369	
1441083660,40.7511690740001,-73.988957226	
1441083660,40.757034305,-73.9862382709999	
1441083660,40.780386091,-73.946821488	
1441083660,40.726472786,-73.977091375	
1441083660,40.7644273670001,-73.966587832	
1441083660,40.835317656,-73.9439696699999	
1441083660,40.735999287,-73.99573271	
1441083660,40.8188232970001,-73.941237759	
1441083660,40.7571332580001,-73.971908352	
1441083660,40.834931156,-73.945017988	
1441083660,40.7167169360001,-73.989157731	
1441083660,40.723729975,-73.9912562929999	
1441083660,40.7460284380001,-73.992393794	
1441083660,40.804718769,-73.93717573	
1441083660,40.7633203390001,-73.973717904	
1441083660,40.7965711430001,-73.967185687	
1441083660,40.8095968380001,-73.9497855979999	
1441083660,40.7504307680001,-73.989282176	
1441083660,40.8273587040001,-73.951622233	
1441083660,40.7607354,-73.97654174	
1441083660,40.7412937670001,-74.007226041	
1441083660,40.7165145550001,-73.975893551	
1441083660,40.808417746,-73.95247406	
1441083660,40.7323560930001,-73.984940805	
1441083660,40.7421969800001,-73.97468255	
1441083660,40.7789696030001,-73.9463821099999	
1441083660,40.8082880150001,-73.950736627	
1441083660,40.8487440260001,-73.9323376849999	
1441083660,40.7067562600001,-74.010089717	
1441083660,40.814803479,-73.956284484	
1441083660,40.7522644480001,-73.9915593379999	
1441083660,40.8019111690001,-73.955393569	
1441083660,40.825817778,-73.9489748249999	
1441083660,40.7660259620001,-73.985243655	
1441083660,40.7887036440001,-73.937862536	
1441083660,40.7216140960001,-73.999442266	
1441083660,40.726675427,-74.001141543	
1441083660,40.764774473,-73.986157253	
1441083660,40.801755583,-73.934260057	
1441083660,40.857258275,-73.928092266	
1441083660,40.7398438560001,-73.985523708	
1441083660,40.7576243570001,-73.985682275	
1441083660,40.7218220190001,-73.9874793509999	
1441083660,40.740610358,-74.006673844	
1441083660,40.7638086040001,-73.988724098	
1441083660,40.8044619940001,-73.966354622	
1441083660,40.8098456060001,-73.936610968	
1441083660,40.7650661960001,-73.996561142	
1441083660,40.7259535540001,-74.0012497659999	
1441083660,40.7430391460001,-73.9891570569999	
1441083660,40.7608457960001,-73.979743548	
1441083660,40.7933009430001,-73.9487649979999	
1441083660,40.7419608770001,-74.004609789	
1441083660,40.8006544360001,-73.956315447	
1441083660,40.7619586870001,-73.97260662	
1441083660,40.7292820530001,-73.9856198109999	
1441083660,40.83470629,-73.945440983	
1441083660,40.7149661500001,-74.005657635	
1441083660,40.7260954830001,-73.9863853649999	
1441083660,40.7562662070001,-73.990501248	
1441083660,40.774375208,-73.983375187	
1441083660,40.777254828,-73.986346022	
1441083660,40.8066984500001,-73.949881703	
1441083660,40.8098456060001,-73.936610968	
1441083660,40.8546238920001,-73.92895183	
1441083660,40.8194488610001,-73.940781977	
1441083660,40.7626554870001,-73.9711154669999	
1441083660,40.7945150910001,-73.966323533	
1441083660,40.7443624370001,-74.006598434	
1441083660,40.766651704,-73.9847886479999	
1441083660,40.7428419120001,-73.9947109889999	
1441083660,40.7218220190001,-73.9874793509999	
1441083660,40.742699299,-73.9986553799999	
1441083660,40.7635592720001,-73.994933158	
1441083660,40.7372030990001,-73.983272598	
1441083660,40.7417381610001,-73.9894495739999	
1441083660,40.7594339460001,-73.9744522	
1441083660,40.7131409890001,-73.997209502	
1441083660,40.7169850710001,-73.9822892509999	
1441083660,40.7054827010001,-74.0099560749999	
1441083660,40.719483607,-73.988663053	
1441083660,40.742292999,-74.0044185479999	
1441083660,40.773968945,-73.960614956	
1441083660,40.782328654,-73.9514310719999	
1441083660,40.7987905700001,-73.9379361919999	
1441083660,40.8514877740001,-73.9354579669999	
1441083660,40.801755583,-73.934260057	
1441083660,40.8598063000001,-73.929622321	
1441083660,40.741381818,-74.001343882	
1441083660,40.7399761410001,-73.99073452	
1441083660,40.711543094,-74.010465578	
1441083660,40.7382465430001,-73.9866318699999	
1441083660,40.786193349,-73.951688254	
1441083660,40.7873854370001,-73.94170968	
1441083660,40.8561882270001,-73.9287151899999	
1441083660,40.7668841120001,-73.9790774579999	
1441083660,40.708471973,-74.006908681	
1441083660,40.78456213,-73.943770441	
1441083660,40.7388397400001,-73.989861409	
1441083660,40.794365682,-73.972131006	
1441083660,40.8064773250001,-73.946439422	
1441083660,40.818504014,-73.9395038599999	
1441083660,40.8250349090001,-73.954015881	
1441083660,40.8283612930001,-73.947119195	
1441083660,40.7212654310001,-73.9956109939999	
1441083660,40.78038838,-73.945842958	
1441083660,40.7568204130001,-73.972135884	
1441083660,40.789802923,-73.952288725	
1441083660,40.796341237,-73.9411998159999	
1441083660,40.74863156,-73.9790976259999	
1441083660,40.7559369910001,-73.992598403	
1441083660,40.8068064350001,-73.9352412109999	
1441083660,40.8107727670001,-73.9525915899999	
1441083660,40.73013924,-73.974517551	
1441083660,40.789260224,-73.947710001	
1441083660,40.820157183,-73.95311601	
1441083660,40.7966104340001,-73.97038201	
1441083660,40.805441763,-73.95080014	
1441083660,40.7292427350001,-73.979699033	
1441083660,40.7504307680001,-73.989282176	
1441083660,40.752533054,-73.987401394	
1441083660,40.7688387580001,-73.981351257	
1441083660,40.7778709520001,-73.95776383	
1441083660,40.815669885,-73.936569294	
1441083660,40.7113046470001,-74.005440899	
1441083660,40.7152594300001,-74.0112309039999	
1441083660,40.778194947,-73.966465382	
1441083660,40.824789609,-73.951526544	
1441083660,40.7158865540001,-73.978675016	
1441083660,40.8042044470001,-73.9459138839999	
1441083660,40.7609626230001,-73.9926519919999	
1441083660,40.7335207990001,-74.0035339409999	
1441083660,40.784389527,-73.957293873	
1441083660,40.8006674160001,-73.954393904	
1441083660,40.850948187,-73.9280701709999	
1441083660,40.80904637,-73.946401231	
1441083660,40.7798666670001,-73.958564156	
1441083660,40.773968602,-73.959625691	
1441083660,40.7926952920001,-73.939379242	
1441083660,40.795780139,-73.965401925	
1441083660,40.705235272,-74.013826065	
1441083660,40.8498632530001,-73.9360776359999	
1441083660,40.855927326,-73.9330389	
1441083660,40.717386049,-74.016047133	
1441083660,40.7463548200001,-73.989329748	
1441083660,40.7749819920001,-73.953862696	
1441083660,40.719963868,-73.98794868	
1441083660,40.745364409,-73.996583812	
1441083660,40.870931064,-73.9179172949999	
1441083660,40.713719327,-73.9860884949999	
1441083660,40.7310308190001,-73.9888342789999	
1441083660,40.742663608,-73.998049108	
1441083660,40.7581825410001,-73.975362299	
1441083660,40.8180469480001,-73.9542447059999	
1441083660,40.822331386,-73.936689402	
1441083660,40.7108954500001,-74.0090623359999	
1441083660,40.7504307680001,-73.989282176	
1441083660,40.7676639420001,-73.968445419	
1441083660,40.7633203390001,-73.973717904	
1441083660,40.77416407,-73.984880805	
1441083660,40.839575387,-73.939878628	
1441083660,40.866548413,-73.922807226	
1441083660,40.79962153,-73.941872335	
1441083660,40.7725020120001,-73.957135418	
1441083660,40.7218227910001,-73.9752783329999	
1441083660,40.848341256,-73.9335453369999	
1441083660,40.7240651380001,-73.997371394	
1441083660,40.8076991630001,-73.947384858	
1441083660,40.758207461,-73.976398247	
1441083660,40.8106377280001,-73.9582740669999	
1441083660,40.7560976180001,-73.98109855	
1441083660,40.729870121,-74.006914509	
1441083660,40.8002520850001,-73.940437865	
1441083660,40.7460284380001,-73.992393794	
1441083660,40.774433463,-73.9884045759999	
1441083660,40.8552417290001,-73.929406644	
1441083660,40.8077806220001,-73.945484727	
1441083660,40.824941106,-73.952819968	
1441083660,40.800694331,-73.941109286	
1441083660,40.8117519090001,-73.9508605	
1441083660,40.7249375960001,-73.990346969	
1441083660,40.817124823,-73.9480096459999	
1441083660,40.739161316,-74.0011056719999	
1441083660,40.8095968380001,-73.9497855979999	
1441083660,40.7561916700001,-73.9862564919999	
1441083660,40.7063277980001,-74.0128813119999	
1441083660,40.7092393830001,-74.017502381	
1441083660,40.7173552560001,-73.980095858	
1441083660,40.7313703900001,-73.982563257	
1441083660,40.734321751,-73.9885342379999	
1441083660,40.7799450380001,-73.9486958369999	
1441083660,40.7328838130001,-73.99230148	
1441083660,40.749121191,-73.9861677229999	
1441083660,40.7329087850001,-73.97490979	
1441083660,40.721457618,-73.9974003579999	
1441083660,40.7365004580001,-73.983388244	
1441083660,40.7439652630001,-73.977908175	
1441083660,40.747595915,-73.974734634	
1441083660,40.7531494030001,-73.9790348499999	
1441083660,40.7964442190001,-73.9649212269999	
1441083660,40.8044280730001,-73.95537021	
1441083660,40.8243429830001,-73.953376824	
1441083660,40.740824511,-73.974260858	
1441083660,40.749780113,-73.987780874	
1441083660,40.741774675,-73.97650872	
1441083660,40.7886850250001,-73.9763260519999	
1441083660,40.7383406330001,-74.001286084	
1441083660,40.7988272260001,-73.966892018	
1441083660,40.7145726640001,-73.983913151	
1441083660,40.7566420420001,-73.988371577	
1441083660,40.786212135,-73.950680737	
1441083660,40.7043603600001,-74.0061111759999	
1441083660,40.7399543930001,-74.006100008	
1441083660,40.7434704550001,-74.005393004	
1441083660,40.756916248,-73.9859639699999	
1441083660,40.809327346,-73.962945691	
1441083660,40.7344152800001,-73.9908507609999	
1441083660,40.7665086320001,-73.982362725	
1441083660,40.777482908,-73.988830102	
1441083660,40.78798499,-73.9757051719999	
1441083660,40.7982852260001,-73.9626737309999	
1441083660,40.7456306870001,-73.998247512	
1441083660,40.814850289,-73.956681848	
1441083660,40.863338395,-73.929076287	
1441083660,40.7933009430001,-73.9487649979999	
1441083660,40.7080796660001,-74.00167865	
1441083660,40.743523694,-73.979734379	
1441083660,40.814414915,-73.9405335709999	
1441083660,40.75030192,-73.973326029	
1441083660,40.757346324,-73.9801813679999	
1441083660,40.8262169830001,-73.940100268	
1441083660,40.8666385350001,-73.9307431239999	
1441083660,40.7621875230001,-73.9661305079999	
1441083660,40.7503104100001,-74.004476828	
1441083660,40.763522976,-73.987070815	
1441083660,40.729582092,-74.002927579	
1441083660,40.7607570000001,-74.000210814	
1441083660,40.8252407730001,-73.9476058499999	
1441083660,40.7989438270001,-73.9423605219999	
1441083660,40.7182325540001,-74.000246752	
1441083660,40.727778744,-74.004302131	
1441083660,40.7852908670001,-73.98232164	
1441083660,40.7918923340001,-73.9475165269999	
1441083660,40.7073188570001,-74.010966266	
1441083660,40.8515248780001,-73.938053263	
1441083660,40.737555641,-74.000416424	
1441083660,40.7585162820001,-73.961309921	
1441083660,40.7329087850001,-73.97490979	
1441083660,40.753938938,-73.994843655	
1441083660,40.7773822680001,-73.9505609029999	
1441083660,40.725171296,-74.0014157099999	
1441083660,40.7866053590001,-73.968385887	
1441083660,40.733575468,-73.991955005	
1441083660,40.7497336380001,-73.989675685	
1441083660,40.806924639,-73.935562585	
1441083660,40.7665699680001,-73.990423968	
1441083660,40.745410898,-73.992841369	
1441083660,40.8416427670001,-73.9410658099999	
1441083660,40.7553167070001,-73.993053262	
1441083660,40.7582323710001,-73.977430585	
1441083660,40.7645355390001,-73.9707283879999	
1441083660,40.7240086150001,-73.980461863	
1441083660,40.7504307680001,-73.989282176	
1441083660,40.7673921040001,-73.980297513	
1441083660,40.803393591,-73.938145012	
1441083660,40.757557412,-73.9787410869999	
1441083660,40.731119017,-73.9936439099999	
1441083660,40.7355598890001,-73.9914640279999	
1441083660,40.7307758750001,-73.9928285089999	
1441083660,40.733287542,-73.998771033	
1441083660,40.803915987,-73.9670231329999	
1441083660,40.709487284,-74.0102668709999	
1441083660,40.7433477800001,-73.9783594789999	
1441083660,40.7526141380001,-73.97881846	
1441083660,40.7645355390001,-73.9707283879999	
1441083660,40.7818533240001,-73.9571113439999	
1441083660,40.713143696,-74.004059506	
1441083660,40.8083741360001,-73.9468858229999	
1441083660,40.7363589030001,-73.9975765889999	
1441083660,40.7399761410001,-73.99073452	
1441083660,40.7995088220001,-73.953596481	
1441083660,40.745410898,-73.992841369	
1441083660,40.811733093,-73.951803379	
1441083660,40.8714172160001,-73.9146046659999	
1441083660,40.714392617,-73.998046328	
1441083660,40.7638016970001,-73.967042993	
1441083660,40.784014589,-73.982480862	
1441083660,40.7919160910001,-73.94547966	
1441083660,40.868164952,-73.922675189	
1441083660,40.8207802320001,-73.935986343	
1441083660,40.7094382770001,-73.996304309	
1441083660,40.8130453650001,-73.946260732	
1441083660,40.7818245610001,-73.947318642	
1441083660,40.7707717750001,-73.961959873	
1441083660,40.7098827040001,-74.008084706	
1441083660,40.7600873220001,-73.975029502	
1441083660,40.7217878450001,-73.978979776	
1441083660,40.8350603050001,-73.939817659	
1441083660,40.750630216,-73.9819266059999	
1441083660,40.756889985,-73.9655159719999	
1441083660,40.734470534,-73.998951427	
1441083660,40.7990309850001,-73.960260618	
1441083660,40.8039318790001,-73.950140244	
1441083660,40.845776524,-73.9363273399999	
1441083660,40.7361357730001,-73.9861632019999	
1441083660,40.8238499550001,-73.9492906789999	
1441083660,40.7550256530001,-73.9914073909999	
1441083660,40.766243344,-73.963168213	
1441083660,40.723875709,-74.004009652	
1441083660,40.870156385,-73.9169745569999	
1441083660,40.7504307680001,-73.989282176	
1441083660,40.7808851840001,-73.9799793779999	
1441083660,40.7583401520001,-73.981570773	
1441083660,40.736727768,-73.980194718	
1441083660,40.752437781,-73.9753319399999	
1441083660,40.7397243390001,-73.976476965	
1441083660,40.757346324,-73.9801813679999	
1441083660,40.75745183,-73.972662616	
1441083660,40.760030063,-73.9768488139999	
1441083660,40.7645355390001,-73.9707283879999	
1441083660,40.7887212430001,-73.939996774	
1441083660,40.8613325040001,-73.9254885299999	
1441083660,40.768826378,-73.993828043	
1441083660,40.8043840460001,-73.9374216689999	
1441083660,40.7645355390001,-73.9707283879999	
1441083660,40.8019155420001,-73.93561439	
1441083660,40.7271382120001,-73.984195143	
1441083660,40.7861233140001,-73.9426135639999	
1441083660,40.7134561780001,-73.98936387	
1441083660,40.7241361120001,-74.0098253749999	
1441083660,40.7277255290001,-73.9837584429999	
1441083660,40.7383666870001,-73.982027364	
1441083660,40.824040004,-73.944759612	
1441083660,40.7620021110001,-73.970610376	
1441083660,40.76666206,-73.9806334639999	
1441083660,40.768018791,-73.954376549	
1441083660,40.864410933,-73.9237677799999	
1441083660,40.7234638480001,-73.992923096	
1441083660,40.7112488860001,-74.0151294619999	
1441083660,40.787757377,-73.9445477629999	
1441083660,40.802765805,-73.939572343	
1441083660,40.8178071470001,-73.9455993509999	
1441083660,40.734324154,-73.9854960389999	
1441083660,40.7128516870001,-73.983830602	
1441083660,40.753938938,-73.994843655	
1441083660,40.757346324,-73.9801813679999	
1441083660,40.7964947510001,-73.946436618	
1441083660,40.815669885,-73.936569294	
1441083660,40.7443073160001,-73.9902178519999	
1441083660,40.7866981170001,-73.977720662	
1441083660,40.7277961660001,-73.979234047	
1441083660,40.7440737750001,-73.9877494409999	
1441083660,40.8725270680001,-73.912271042	
1441083660,40.7444424920001,-73.9761144139999	
1441083660,40.7162450700001,-73.992014814	
1441083660,40.7321394580001,-73.98656454	
1441083660,40.7613359790001,-73.974112151	
1441083660,40.835945011,-73.941584018	
1441083660,40.797053412,-73.964476665	
1441083660,40.8245941230001,-73.950092244	
1441083660,40.742997406,-73.984234687	
1441083660,40.787567301,-73.9431323319999	
1441083660,40.794511506,-73.9635606809999	
1441083660,40.7525130600001,-73.98159765	
1441083660,40.7225065710001,-73.976894317	
1441083660,40.7323702840001,-73.989090237	
1441083660,40.7373689550001,-73.996840424	
1441083660,40.7573171990001,-73.98788056	
1441083660,40.8137405370001,-73.936917944	
1441083660,40.760157529,-73.983952679	
1441083660,40.8399082010001,-73.936083587	
1441083660,40.74781818,-74.004455005	
1441083660,40.7251905030001,-73.998121775	
1441083660,40.7225065710001,-73.976894317	
1441083660,40.7247183370001,-73.9956360209999	
1441083660,40.727963839,-73.980630277	
1441083660,40.7287878450001,-73.984450922	
1441083660,40.7353625210001,-73.9961982299999	
1441083660,40.744284586,-73.9834620889999	
1441083660,40.8102975360001,-73.945489891	
1441083660,40.7622347710001,-73.968188083	
1441083660,40.849125988,-73.938019352	
1441083660,40.8268297920001,-73.9415378209999	
1441083660,40.717562683,-73.994128595	
1441083660,40.718021181,-73.997519537	
1441083660,40.7255198190001,-74.0040313979999	
1441083660,40.745410898,-73.992841369	
1441083660,40.745364409,-73.996583812	
1441083660,40.737377112,-73.994729465	
1441083660,40.8029604280001,-73.965672707	
1441083660,40.7522644480001,-73.9915593379999	
1441083660,40.8380777680001,-73.941813439	
1441083660,40.7999985590001,-73.956615663	
1441083660,40.8287521890001,-73.9383707649999	
1441083660,40.7979528610001,-73.9421230029999	
1441083660,40.7688185900001,-73.965354557	
1441083660,40.818504014,-73.9395038599999	
1441083660,40.7455236370001,-74.0020404859999	
1441083660,40.786731898,-73.941132468	
1441083660,40.7626370090001,-73.974212721	
1441083660,40.797871505,-73.944120375	
1441083660,40.7784899160001,-73.954235779	
1441083660,40.8288510450001,-73.943834191	
1441083660,40.797996803,-73.9619840459999	
1441083660,40.76717676,-73.963806683	
1441083660,40.800694331,-73.941109286	
1441083660,40.7336436260001,-73.986932281	
1441083660,40.739161316,-74.0011056719999	
1441083660,40.7447056830001,-73.997067435	
1441083660,40.745434161,-73.980433927	
1441083660,40.743602401,-73.975180032	
1441083660,40.709487284,-74.0102668709999	
1441083660,40.7583593680001,-73.959952797	
1441083660,40.810851563,-73.950680542	
1441083660,40.7482979910001,-73.988178144	
1441083660,40.8344205120001,-73.9447509939999	
1441083660,40.791832727,-73.9739811169999	
1441083660,40.7566420420001,-73.988371577	
1441083660,40.7827818920001,-73.9805421139999	
1441083660,40.751600255,-73.992046671	
1441083660,40.811944624,-73.959418415	
1441083660,40.747595453,-73.9893945119999	
1441083660,40.7639762220001,-73.973241135	
1441083660,40.734895538,-73.989959434	
1441083660,40.818176479,-73.9377880499999	
1441083660,40.735211323,-73.9916913979999	
1441083660,40.7386012270001,-73.993838059	
1441083660,40.7514934610001,-73.997680707	
1441083660,40.8567071800001,-73.929047208	
1441083660,40.75557215,-73.997489264	
1441083660,40.8029194000001,-73.9448277069999	
1441083660,40.754264999,-73.971909562	
1441083660,40.7224155660001,-73.999334029	
1441083660,40.7121306870001,-73.992228127	
1441083660,40.7247183370001,-73.9956360209999	
1441083660,40.7623944200001,-73.983421495	
1441083660,40.731667658,-73.9894150869999	
1441083660,40.7515317520001,-73.993948749	
1441083660,40.7759422870001,-73.982259131	
1441083660,40.738219595,-73.992012181	
1441083660,40.802354544,-73.968111119	
1441083660,40.715731786,-74.00818642	
1441083660,40.7339897630001,-73.9898874039999	
1441083660,40.7643773460001,-73.964526582	
1441083660,40.740270052,-74.0058654759999	
1441083660,40.805441763,-73.95080014	
1441083660,40.8077965740001,-73.965471538	
1441083660,40.7109174890001,-73.99202988	
1441083660,40.7151883540001,-74.007742658	
1441083660,40.7477296820001,-73.9868392929999	
1441083660,40.7597110740001,-73.99356177	
1441083660,40.7633203390001,-73.973717904	
1441083660,40.7920615020001,-73.939842082	
1441083660,40.80904637,-73.946401231	
1441083660,40.795694944,-73.93873725	
1441083660,40.7290820380001,-73.988787701	
1441083660,40.7236369730001,-73.998298598	
1441083660,40.7337430810001,-73.995270994	
1441083660,40.72046384,-74.006852204	
1441083660,40.7791676680001,-73.953740642	
1441083660,40.754408117,-73.991858646	
1441083660,40.7388397400001,-73.989861409	
1441083660,40.713390372,-73.990128602	
1441083660,40.7313703900001,-73.982563257	
1441083660,40.747441011,-73.983201457	
1441083660,40.7248007310001,-73.997317247	
1441083660,40.7491107650001,-73.992007267	
1441083660,40.762919094,-73.9620365549999	
1441083660,40.772218422,-73.948297429	
1441083660,40.7900575130001,-73.965863537	
1441083660,40.832215911,-73.949436076	
1441083660,40.8574509270001,-73.928937965	
1441083660,40.8160408860001,-73.948516277	
1441083660,40.7560435350001,-73.986949544	
1441083660,40.7783576150001,-73.9528638039999	
1441083660,40.81055902,-73.947068315	
1441083660,40.7524246680001,-73.978370968	
1441083660,40.838864148,-73.944642498	
1441083660,40.716945261,-73.9996912129999	
1441083660,40.744284586,-73.9834620889999	
1441083660,40.7906045570001,-73.946434134	
1441083660,40.8096841170001,-73.962811834	
1441083660,40.753225281,-74.005650058	
1441083660,40.8268513830001,-73.946433863	
1441083660,40.7494200670001,-73.983850601	
1441083660,40.803393591,-73.938145012	
1441083660,40.763122363,-73.962516552	
1441083660,40.814868027,-73.960204198	
1441083660,40.741381818,-74.001343882	
1441083660,40.744969208,-73.9987311209999	
1441083660,40.7449241900001,-73.98401409	
1441083660,40.8118117600001,-73.9383286509999	
1441083660,40.7618746900001,-73.966358084	
1441083660,40.786754376,-73.942161626	
1441083660,40.802091971,-73.9370012219999	
1441083660,40.777646786,-73.982370607	
1441083660,40.7656048850001,-73.978124818	
1441083660,40.7783576150001,-73.9528638039999	
1441083660,40.7521006420001,-73.977609517	
1441083660,40.759913549,-73.986291821	
1441083660,40.7071518590001,-74.004531637	
1441083660,40.76369656,-73.996232713	
1441083660,40.8043840460001,-73.9374216689999	
1441083660,40.7196240870001,-73.996256847	
1441083660,40.731305777,-74.003681757	
1441083660,40.85915271,-73.929048215	
1441083660,40.7866981170001,-73.977720662	
1441083660,40.803235241,-73.9346992659999	
1441083660,40.7644200340001,-73.983377672	
1441083660,40.7761146390001,-73.9454528809999	
1441083660,40.8017043460001,-73.952959245	
1441083660,40.8106643530001,-73.9434630069999	
1441083660,40.8281601740001,-73.934909676	
1441083660,40.8455494400001,-73.932771042	
1441083660,40.785494892,-73.9729038789999	
1441083660,40.824258489,-73.9483256469999	
1441083660,40.849621954,-73.931697014	
1441083660,40.7645355390001,-73.9707283879999	
1441083660,40.868164952,-73.922675189	
1441083660,40.7592954470001,-73.969283215	
1441083660,40.793955312,-73.9513575829999	
1441083660,40.8107727670001,-73.9525915899999	
1441083660,40.7477296820001,-73.9868392929999	
1441083660,40.756735937,-73.998319411	
1441083660,40.868164952,-73.922675189	
1441083660,40.7377096930001,-73.9764885019999	
1441083660,40.726675427,-74.001141543	
1441083660,40.7540598030001,-73.997886352	
1441083660,40.7397731880001,-73.992986319	
1441083660,40.73987766,-73.996869174	
1441083660,40.7434704550001,-74.005393004	
1441083660,40.75091695,-73.994396346	
1441083660,40.830853543,-73.947225621	
1441083660,40.7336222000001,-73.9930591309999	
1441083660,40.742273842,-74.0025492189999	
1441083660,40.745435528,-74.0082442039999	
1441083660,40.7504307680001,-73.989282176	
1441083660,40.799651463,-73.960755072	
1441083660,40.7941502560001,-73.939869087	
1441083660,40.7417381610001,-73.9894495739999	
1441083660,40.717636928,-73.998262677	
1441083660,40.72359521,-73.988200564	
1441083660,40.7679551100001,-73.982362342	
1441083660,40.78245186,-73.965878269	
1441083660,40.7949885030001,-73.936802082	
1441083660,40.7888450630001,-73.946175538	
1441083660,40.806924639,-73.935562585	
1441083660,40.7188816870001,-73.9822057759999	
1441083660,40.74661324,-73.9956815049999	
1441083660,40.807665162,-73.951206685	
1441083660,40.7566420420001,-73.988371577	
1441083660,40.7912406230001,-73.944924059	
1441083660,40.7250819400001,-73.981211972	
1441083660,40.807353907,-73.9375453069999	
1441083660,40.795400757,-73.932908363	
1441083660,40.8655549870001,-73.927269822	
1441083660,40.7503104100001,-74.004476828	
1441083660,40.7433349890001,-73.984079429	
1441083660,40.8043840460001,-73.9374216689999	
1441083660,40.753790581,-73.9923062829999	
1441083660,40.753790581,-73.9923062829999	
1441083660,40.759913549,-73.986291821	
1441083660,40.8001296300001,-73.9324015459999	
1441083660,40.84262312,-73.936811044	
1441083660,40.84262312,-73.936811044	
1441083660,40.726801165,-73.988986519	
1441083660,40.744985243,-73.989921825	
1441083660,40.732699154,-73.98469176	
1441083660,40.7563873170001,-74.003394385	
1441083660,40.7434704550001,-74.005393004	
1441083660,40.753213917,-73.989014637	
1441083660,40.742292999,-74.0044185479999	
1441083660,40.7208225200001,-73.9841713879999	
1441083660,40.731667658,-73.9894150869999	
1441083660,40.7329607130001,-74.006965345	
1441083660,40.733300559,-73.987181317	
1441083660,40.7376322470001,-73.992441662	
1441083660,40.738650776,-73.99776415	
1441083660,40.758808844,-73.97782745	
1441083660,40.8043840460001,-73.9374216689999	
1441083660,40.715528594,-74.009239725	
1441083660,40.8134464450001,-73.941347271	
1441083660,40.7434704550001,-74.005393004	
1441083660,40.7165660480001,-74.010022663	
1441083660,40.724034972,-73.999099508	
1441083660,40.734226128,-74.005406689	
1441083660,40.761804167,-73.960369463	
1441083660,40.7931526570001,-73.937497233	
1441083660,40.7931526570001,-73.937497233	
1441083660,40.8066984500001,-73.949881703	
1441083660,40.739161316,-74.0011056719999	
1441083660,40.721115179,-73.977915749	
1441083660,40.751646125,-73.9843373099999	
1441083660,40.795363412,-73.9398390979999	
1441083660,40.803765104,-73.9399904369999	
1441083660,40.7336055920001,-73.991031285	
1441083660,40.7972575650001,-73.9680413259999	
1441083660,40.799196819,-73.9330815169999	
1441083660,40.719404551,-74.001884563	
1441083660,40.7221355550001,-73.996696839	
1441083660,40.8083741360001,-73.9468858229999	
1441083660,40.825289791,-73.935963938	
1441083660,40.7930541270001,-73.9739553589999	
1441083660,40.807382922,-73.940510955	
1441083660,40.8002520850001,-73.940437865	
1441083660,40.7299745490001,-73.99568619	
1441083660,40.742663608,-73.998049108	
1441083660,40.74883634,-73.973828281	
1441083660,40.8295757760001,-73.950077667	
1441083660,40.8321531870001,-73.944351765	
1441083660,40.7501671030001,-73.971958209	
1441083660,40.729755009,-73.996967067	
1441083660,40.7247929330001,-73.97678529	
1441083660,40.76369656,-73.996232713	
1441083660,40.7588082450001,-73.974907254	
1441083660,40.7988272260001,-73.966892018	
1441083660,40.715528594,-74.009239725	
1441083660,40.761414491,-73.9830354919999	
1441083660,40.8673631560001,-73.9221627159999	
1441083660,40.720663793,-73.9880639949999	
1441083660,40.7454008550001,-73.97836603	
1441083660,40.7650240790001,-73.9848359499999	
1441083660,40.744653392,-74.0063855399999	
1441083660,40.8148528940001,-73.956313353	
1441083660,40.7301982870001,-73.98196462	
1441083660,40.7958865370001,-73.94889664	
1441083660,40.8191058470001,-73.940930411	
1441083660,40.8159593770001,-73.957273615	
1441083660,40.76228795,-73.962484533	
1441083660,40.774237779,-73.982100724	
1441083660,40.8047154490001,-73.936128216	
1441083660,40.7079424120001,-74.002580367	
1441083660,40.711543094,-74.010465578	
1441083660,40.749157106,-73.9882718279999	
1441083660,40.749157106,-73.9882718279999	
1441083660,40.764818269,-73.9851897729999	
1441083660,40.735692134,-73.975691761	
1441083660,40.829369979,-73.938800196	
1441083660,40.7608457960001,-73.979743548	
1441083660,40.7152594300001,-74.0112309039999	
1441083660,40.7248885650001,-74.002620709	
1441083660,40.7294991570001,-73.987950564	
1441083660,40.7346261640001,-73.986214031	
1441083660,40.7362128500001,-73.9881730709999	
1441083660,40.7605859670001,-73.9859271	
1441083660,40.852796181,-73.929376707	
1441083660,40.730338472,-73.9833031859999	
1441083660,40.7281145150001,-73.9789994289999	
1441083660,40.7839105640001,-73.947327824	
1441083660,40.7197114940001,-73.9894242	
1441083660,40.7220526560001,-73.988215267	
1441083660,40.7134332970001,-73.981951119	
1441083660,40.7443624370001,-74.006598434	
1441083660,40.763522976,-73.987070815	
1441083660,40.830900119,-73.941368021	
1441083660,40.720663793,-73.9880639949999	
1441083660,40.7197114940001,-73.9894242	
1441083660,40.726523446,-73.9846390599999	
1441083660,40.7436156630001,-73.990513877	
1441083660,40.744793357,-73.993292546	
1441083660,40.7044944350001,-74.011564514	
1441083660,40.8380552900001,-73.9407907139999	
1441083660,40.7225608690001,-73.993738525	
1441083660,40.7397596500001,-74.002523863	
1441083660,40.7616457180001,-73.98843929	
1441083660,40.7795059970001,-73.9555855039999	
1441083660,40.786754376,-73.942161626	
1441083660,40.8288510450001,-73.943834191	
1441083660,40.7614311040001,-73.9840498359999	
1441083660,40.7504307680001,-73.989282176	
1441083660,40.7419692,-74.000918065	
1441083660,40.7192452100001,-73.9939083899999	
1441083660,40.76398734,-73.9558521559999	
1441083660,40.7647199690001,-73.989915229	
1441083660,40.8341465180001,-73.9402051549999	
1441083660,40.73669807,-73.983316026	
1441083660,40.793510977,-73.940335551	
1441083660,40.7618746900001,-73.966358084	
1441083660,40.845035017,-73.940658001	
1441083660,40.824166748,-73.951978646	
1441083660,40.824166748,-73.951978646	
1441083660,40.725697698,-73.9882398779999	
1441083660,40.7903224250001,-73.9476874979999	
1441083660,40.726554019,-73.987828427	
1441083660,40.7556769650001,-73.977189616	
1441083660,40.8021807650001,-73.957007947	
1441083660,40.7221355550001,-73.996696839	
1441083660,40.7778705860001,-73.956778116	
1441083660,40.8159593770001,-73.957273615	
1441083660,40.761980405,-73.9716139129999	
1441083660,40.7356670880001,-73.993870805	
1441083660,40.8077603780001,-73.943346267	
1441083660,40.8298848850001,-73.936761711	
1441083660,40.7618746900001,-73.966358084	
1441083660,40.797088586,-73.9427521919999	
1441083660,40.7397243390001,-73.976476965	
1441083660,40.7415063030001,-73.979738601	
1441083660,40.7656176880001,-73.96362342	
1441083660,40.775328014,-73.961874229	
1441083660,40.8174971,-73.945827212	
1441083660,40.737472885,-73.990229681	
1441083660,40.8558782170001,-73.928943261	
1441083660,40.7964947510001,-73.946436618	
1441083660,40.7343056810001,-73.993690514	
1441083660,40.734268996,-73.983551174	
1441083660,40.744793357,-73.993292546	
1441083660,40.7490615580001,-73.9957499189999	
1441083660,40.773135875,-73.956676487	
1441083660,40.7511690740001,-73.988957226	
1441083660,40.8108772410001,-73.941064151	
1441083660,40.7981460870001,-73.9503576719999	
1441083660,40.7294883070001,-74.010735392	
1441083660,40.8350511740001,-73.9381228079999	
1441083660,40.7298096010001,-73.991096741	
1441083660,40.7757728290001,-73.954750345	
1441083660,40.7817057930001,-73.9518937189999	
1441083660,40.782101417,-73.9818819559999	
1441083660,40.788099452,-73.9482634299999	
1441083660,40.8699252710001,-73.912502261	
1441083660,40.753730386,-73.996060026	
1441083660,40.7251905030001,-73.998121775	
1441083660,40.802765805,-73.939572343	
1441083660,40.7434704550001,-74.005393004	
1441083660,40.7117466820001,-74.000290013	
1441083660,40.728250797,-74.005373732	
1441083660,40.7272573500001,-73.974991292	
1441083660,40.749121191,-73.9861677229999	
1441083660,40.7504307680001,-73.989282176	
1441083660,40.7614311040001,-73.9840498359999	
1441083660,40.7962543680001,-73.973455697	
1441083660,40.7177427010001,-73.9827904809999	
1441083660,40.7784899160001,-73.954235779	
1441083660,40.7232702960001,-73.980584741	
1441083660,40.823034341,-73.948315758	
1441083660,40.7580616600001,-73.999532202	
1441083660,40.75127532,-73.982500299	
1441083660,40.7474714860001,-73.9852730269999	
1441083660,40.7541998040001,-74.000279371	
1441083660,40.757346324,-73.9801813679999	
1441083660,40.818126283,-73.941520176	
1441083660,40.814414915,-73.9405335709999	
1441083660,40.7298044350001,-74.002141031	
1441083660,40.7899592750001,-73.945856841	
1441083660,40.843892877,-73.93493404	
1441083660,40.7023945030001,-74.013291701	
1441083660,40.7538749240001,-73.98482044	
1441083660,40.865038779,-73.926945001	
1441083660,40.785874639,-73.9509301529999	
1441083660,40.869008717,-73.920320439	
1441083660,40.7576066560001,-73.9778856039999	
1441083660,40.7259999350001,-73.991865723	
1441083660,40.7986333000001,-73.9416203709999	
1441083660,40.8298848850001,-73.936761711	
1441083660,40.768826378,-73.993828043	
1441083660,40.8025795670001,-73.9679520829999	
1441083660,40.738016617,-73.994263916	
1441083660,40.764066631,-73.9550579209999	
1441083660,40.8257664810001,-73.950940483	
1441083660,40.757557412,-73.9787410869999	
1441083660,40.7359131420001,-73.9838141819999	
1441083660,40.7376187360001,-74.002819678	
1441083660,40.7685239040001,-73.9871384369999	
1441083660,40.7912927680001,-73.977560223	
1441083660,40.7560435350001,-73.986949544	
1441083660,40.853731704,-73.928692519	
1441083660,40.7539521530001,-73.9721370839999	
1441083660,40.7604278420001,-73.975830733	
1441083660,40.7504307680001,-73.989282176	
1441083660,40.81667027,-73.938992513	
1441083660,40.817929792,-73.949735957	
1441083660,40.7429104280001,-73.99280555	
1441083660,40.8129478930001,-73.9558810949999	
1441083660,40.7237274760001,-73.9955278529999	
1441083660,40.7431718490001,-73.9769845879999	
1441083660,40.7282536650001,-73.999315931	
1441083660,40.7431718490001,-73.9769845879999	
1441083660,40.8230562520001,-73.9424227379999	
1441083660,40.8462918330001,-73.9401544799999	
1441083660,40.7197061900001,-73.9916825079999	
1441083660,40.743833812,-73.979510537	
1441083660,40.7604417920001,-73.965875105	
1441083660,40.77204192,-73.959984283	
1441083660,40.7443073160001,-73.9902178519999	
1441083660,40.7152594300001,-74.0112309039999	
1441083660,40.8159593770001,-73.957273615	
1441083660,40.760115559,-73.9789821209999	
1441083660,40.719527944,-73.994377339	
1441083660,40.729862036,-73.9963176099999	
1441083660,40.7559369910001,-73.992598403	
1441083660,40.791529414,-73.940593737	
1441083660,40.818504014,-73.9395038599999	
1441083660,40.7989438270001,-73.9423605219999	
1441083660,40.814803479,-73.956284484	
1441083660,40.755566281,-73.9730496019999	
1441083660,40.7762744990001,-73.9468753199999	
1441083660,40.751892841,-73.9691855689999	
1441083660,40.717935229,-73.985672762	
1441083660,40.78456213,-73.943770441	
1441083660,40.786212135,-73.950680737	
1441083660,40.7950607160001,-73.974817746	
1441083660,40.817124823,-73.9480096459999	
1441083660,40.7587750440001,-73.992388729	
1441083660,40.7625543410001,-73.989633989	
1441083660,40.811485395,-73.9502176729999	
1441083660,40.7931526570001,-73.937497233	
1441083660,40.8546238920001,-73.92895183	
1441083660,40.807085412,-73.943830883	
1441083660,40.7187046490001,-74.000903313	
1441083660,40.8034296330001,-73.957054097	
1441083660,40.811211859,-73.9596356119999	
1441083660,40.7433349890001,-73.984079429	
1441083660,40.7593131850001,-73.995709559	
1441083660,40.8243429830001,-73.953376824	
1441083660,40.7230303870001,-73.9988145139999	
1441083660,40.7129186190001,-73.995788294	
1441083660,40.8269894110001,-73.93712941	
1441083660,40.806675356,-73.9537287489999	
1441083660,40.794478772,-73.943613991	
1441083660,40.7517871520001,-73.974761918	
1441083660,40.743884768,-73.992098115	
1441083660,40.7511120500001,-73.975249419	
1441083660,40.8592745180001,-73.926329537	
1441083660,40.7379501340001,-73.986834007	
1441083660,40.7116641920001,-74.005830494	
1441083660,40.7436156630001,-73.990513877	
1441083660,40.736833222,-73.988750312	
1441083660,40.749121191,-73.9861677229999	
1441083660,40.710335478,-74.0095456	
1441083660,40.7225938010001,-74.0063545639999	
1441083660,40.7493689620001,-73.9955261329999	
1441083660,40.7290820380001,-73.988787701	
1441083660,40.7417457860001,-73.984137548	
1441083660,40.7773822680001,-73.9505609029999	
1441083660,40.7793074840001,-73.983265634	
1441083660,40.764148726,-73.986612233	
1441083660,40.738153653,-74.008903662	
1441083660,40.7632781730001,-73.969671245	
1441083660,40.792171108,-73.97769355	
1441083660,40.791579094,-73.9467728229999	
1441083660,40.8021144860001,-73.9380306159999	
1441083660,40.7582285730001,-73.989071565	
1441083660,40.871252896,-73.918911226	
1441083660,40.7999935300001,-73.9448481919999	
1441083660,40.8445864560001,-73.933476802	
1441083660,40.7191353710001,-74.006938647	
1441083660,40.742980796,-73.9832314509999	
1441083660,40.733684683,-73.985961646	
1441083660,40.7514667120001,-73.978161943	
1441083660,40.8040460070001,-73.9366201029999	
1441083660,40.7568428280001,-73.9937930569999	
1441083660,40.795581553,-73.932297815	
1441083660,40.7328016810001,-74.003252461	
1441083660,40.7337349100001,-74.002801472	
1441083660,40.821816961,-73.951243279	
1441083660,40.824040004,-73.944759612	
1441083660,40.8208369210001,-73.950828501	
1441083660,40.7384966540001,-73.9899516739999	
1441083660,40.756916248,-73.9859639699999	
1441083660,40.7589893140001,-73.9959442059999	
1441083660,40.7507742720001,-73.974451911	
1441083660,40.756462958,-73.9829429059999	
1441083660,40.801612348,-73.94366574	
1441083660,40.8502798740001,-73.940121975	
1441083660,40.7467849390001,-73.982685537	
1441083660,40.769568699,-73.968105155	
1441083660,40.744793357,-73.993292546	
1441083660,40.830584711,-73.947554665	
1441083660,40.7084117360001,-74.0036877059999	
1441083660,40.775135338,-73.9822918409999	
1441083660,40.7228108130001,-74.0001349309999	
1441083660,40.8210253980001,-73.937604737	
1441083660,40.8265788950001,-73.944818931	
1441083660,40.7390308400001,-73.981543636	
1441083660,40.7419692,-74.000918065	
1441083660,40.798202841,-73.972248588	
1441083660,40.8022938180001,-73.945279726	
1441083660,40.732631553,-74.000290105	
1441083660,40.7462510130001,-73.9996513789999	
1441083660,40.7909718540001,-73.9670512129999	
1441083660,40.7897884650001,-73.944517181	
1441083660,40.76263677,-73.973165867	
1441083660,40.72046384,-74.006852204	
1441083660,40.802640491,-73.9470746119999	
1441083660,40.7989285460001,-73.934317026	
1441083660,40.7343056810001,-73.993690514	
1441083660,40.7440551060001,-74.0049635999999	
1441083660,40.772163349,-73.95437371	
1441083660,40.7215563520001,-74.004933062	
1441083660,40.799196819,-73.9330815169999	
1441083660,40.7397731880001,-73.992986319	
1441083660,40.795581553,-73.932297815	
1441083660,40.723938882,-74.002458324	
1441083660,40.7236369730001,-73.998298598	
1441083660,40.800930373,-73.941098241	
1441083660,40.8615132690001,-73.929237303	
1441083660,40.7197114940001,-73.9894242	
1441083660,40.8198232510001,-73.9554465959999	
1441083660,40.7487923900001,-73.992234678	
1441083660,40.7371803070001,-73.978278487	
1441083660,40.7705569290001,-73.95252635	
1441083660,40.860158454,-73.930999317	
1441083660,40.8624710330001,-73.9290157519999	
1441083660,40.7381508220001,-73.9900383309999	
1441083660,40.7525307990001,-73.99322319	
1441083660,40.763180101,-73.989175439	
1441083660,40.803393591,-73.938145012	
1441083660,40.7249132320001,-73.996094198	
1441083660,40.7596538020001,-73.965048891	
1441083660,40.7622347710001,-73.968188083	
1441083660,40.8372957710001,-73.948080617	
1441083660,40.7504307680001,-73.989282176	
1441083660,40.7656313210001,-73.991106394	
1441083660,40.778870184,-73.958167596	
1441083660,40.8289868800001,-73.946667017	
1441083660,40.7168487210001,-73.989554519	
1441083660,40.7558129120001,-73.986400949	
1441083660,40.774301688,-73.948317474	
1441083660,40.8268397960001,-73.939644428	
1441083660,40.7482979910001,-73.988178144	
1441083660,40.7343030770001,-74.002682421	
1441083660,40.74964563,-73.9878711269999	
1441083660,40.8188232970001,-73.941237759	
1441083660,40.7313703900001,-73.982563257	
1441083660,40.7183340760001,-74.00279361	
1441083660,40.735211323,-73.9916913979999	
1441083660,40.718021181,-73.997519537	
1441083660,40.7215694080001,-73.9866460379999	
1441083660,40.806096945,-73.9633809539999	
1441083660,40.8386959690001,-73.9377833189999	
1441083660,40.7933092960001,-73.963499944	
1441083660,40.7834815480001,-73.9791047419999	
1441083660,40.795104344,-73.943151175	
1441083660,40.808017131,-73.9527524929999	
1441083660,40.7686526430001,-73.953914012	
1441083660,40.789260224,-73.947710001	
1441083660,40.7698302900001,-73.986188694	
1441083660,40.7188995070001,-74.002317446	
1441083660,40.7108215390001,-74.0060396279999	
1441083660,40.725890366,-74.003883499	
1441083660,40.829692079,-73.940653616	
1441083660,40.756916248,-73.9859639699999	
1441083660,40.7449192660001,-73.988799472	
1441083660,40.784051167,-73.948707117	
1441083660,40.8117174340001,-73.953779431	
1441083660,40.8197413940001,-73.938581434	
1441083660,40.795476272,-73.94604377	
1441083660,40.7958472130001,-73.9469102639999	
1441083660,40.746901488,-73.997327185	
1441083660,40.750999048,-73.9906247119999	
1441083660,40.760399691,-73.989345547	
1441083660,40.8261075680001,-73.9527179689999	
1441083660,40.719330369,-73.9954812509999	
1441083660,40.839901438,-73.9387941219999	
1441083660,40.772163349,-73.95437371	
1441083660,40.7634656970001,-73.9908251109999	
1441083660,40.799118632,-73.9685569229999	
1441083660,40.818504014,-73.9395038599999	
1441083660,40.7422843460001,-73.989229355	
1441083660,40.757088691,-73.9824843329999	
1441083660,40.806344085,-73.9558710219999	
1441083660,40.8283566740001,-73.949052373	
1441083660,40.7141373060001,-73.9961417229999	
1441083660,40.763865814,-73.984962561	
1441083660,40.8512131680001,-73.935216052	
1441083660,40.723431127,-73.9996118129999	
1441083660,40.7999855730001,-73.958620259	
1441083660,40.7576655400001,-73.985776115	
1441083660,40.717343063,-73.9933999209999	
1441083660,40.745676707,-73.987720275	
1441083660,40.8199334130001,-73.94968025	
1441083660,40.856492363,-73.93726058	
1441083660,40.8043840460001,-73.9374216689999	
1441083660,40.7453013200001,-73.998489317	
1441083660,40.820396616,-73.954723617	
1441083660,40.7504307680001,-73.989282176	
1441083660,40.7637926580001,-73.9974167569999	
1441083660,40.7403085650001,-74.0038266	
1441083660,40.779505172,-73.9534948749999	
1441083660,40.790638405,-73.9484311909999	
1441083660,40.786860104,-73.951178598	
1441083660,40.734226128,-74.005406689	
1441083660,40.7452271490001,-74.004115596	
1441083660,40.7747139850001,-73.964351383	
1441083660,40.809012904,-73.9584195799999	
1441083660,40.7982925470001,-73.940822467	
1441083660,40.8421621300001,-73.942279707	
1441083660,40.7259397130001,-73.994650996	
1441083660,40.795581553,-73.932297815	
1441083660,40.761864911,-73.9850785259999	
1441083660,40.7356176120001,-73.9926692189999	
1441083660,40.797088586,-73.9427521919999	
1441083660,40.8077780780001,-73.959258403	
1441083660,40.717798648,-73.992660356	
1441083660,40.7375333540001,-73.991279741	
1441083660,40.7477275150001,-74.0063208719999	
1441083660,40.749344325,-74.002177751	
1441083660,40.8060469980001,-73.954187936	
1441083660,40.787770322,-73.97310157	
1441083660,40.7372030990001,-73.983272598	
1441083660,40.7134561780001,-73.98936387	
1441083660,40.735120728,-73.991456867	
1441083660,40.7750419830001,-73.9820680139999	
1441083660,40.785144044,-73.975020106	
1441083660,40.805412948,-73.9419611929999	
1441083660,40.807009339,-73.9516009	
1441083660,40.7477296820001,-73.9868392929999	
1441083660,40.7845806110001,-73.971719832	
1441083660,40.8619441750001,-73.920773576	
1441083660,40.7645355390001,-73.9707283879999	
1441083660,40.764690176,-73.9642989879999	
1441083660,40.843576827,-73.934215116	
1441083660,40.8539527770001,-73.931157576	
1441083660,40.7447056830001,-73.997067435	
1441083660,40.7442158000001,-73.982336146	
1441083660,40.7168487210001,-73.989554519	
1441083660,40.7861233140001,-73.9426135639999	
1441083660,40.759172699,-73.9883927929999	
1441083660,40.786731898,-73.941132468	
1441083660,40.869559485,-73.915185556	
1441083660,40.7320194700001,-74.000733909	
1441083660,40.7331146060001,-74.002350415	
1441083660,40.8141131610001,-73.9408553649999	
1441083660,40.7566420420001,-73.988371577	
1441083660,40.7100938470001,-74.01060963	
1441083660,40.764468014,-73.975406903	
1441083660,40.7807782630001,-73.980705186	
1441083660,40.77488772,-73.9787861029999	
1441083660,40.7500219730001,-73.991339463	
1441083660,40.8087931150001,-73.944833676	
1441083660,40.709742835,-74.006263164	
1441083660,40.7416892000001,-74.0029858509999	
1441083660,40.7650240790001,-73.9848359499999	
1441083660,40.7251905030001,-73.998121775	
1441083660,40.766282747,-73.97765529	
1441083660,40.751600255,-73.992046671	
1441083660,40.7651908190001,-73.9802837239999	
1441083660,40.722189631,-73.985870268	
1441083660,40.7276690260001,-74.001390508	
1441083660,40.7405052780001,-73.985036397	
1441083660,40.754843416,-73.98201209	
1441083660,40.8087499040001,-73.9525858059999	
1441083660,40.8343353290001,-73.944548695	
1441083660,40.7612712700001,-73.967845615	
1441083660,40.7390308400001,-73.981543636	
1441083660,40.7728493330001,-73.953871394	
1441083660,40.8268701650001,-73.945512448	
1441083660,40.750326623,-73.991112045	
1441083660,40.7688185900001,-73.965354557	
1441083660,40.8512828450001,-73.937131752	
1441083660,40.8385682950001,-73.9458570369999	
1441083660,40.7913696860001,-73.9511463979999	
1441083660,40.726523446,-73.9846390599999	
1441083660,40.755766232,-73.9618637679999	
1441083660,40.7887277880001,-73.947804311	
1441083660,40.756916248,-73.9859639699999	
1441083660,40.8002220290001,-73.9308483419999	
1441083660,40.756916248,-73.9859639699999	
1441083660,40.7254402460001,-73.996772441	
1441083660,40.7375528150001,-74.004349673	
1441083660,40.8026066080001,-73.945051911	
1441083660,40.7535240510001,-73.988787197	
1441083660,40.7611812690001,-73.9608354929999	
1441083660,40.7622141630001,-73.991738568	
1441083660,40.813088658,-73.9579799109999	
1441083660,40.870610492,-73.9148985739999	
1441083660,40.726554019,-73.987828427	
1441083660,40.8184802860001,-73.9413934149999	
1441083660,40.7192310070001,-73.987858624	
1441083660,40.760157529,-73.983952679	
1441083660,40.7255918490001,-73.97775552	
1441083660,40.717935229,-73.985672762	
1441083660,40.726823891,-73.975990843	
1441083660,40.7988033120001,-73.969763415	
1441083660,40.7356260780001,-74.0005390969999	
1441083660,40.742343933,-73.982686691	
1441083660,40.7824915890001,-73.9847814199999	
1441083660,40.815732053,-73.945420411	
1441083660,40.7748002640001,-73.952447504	
1441083660,40.8161745950001,-73.946792892	
1441083660,40.8617806340001,-73.918470871	
1441083660,40.7937230380001,-73.9706144319999	
1441083660,40.8361052810001,-73.93837841	
1441083660,40.867825243,-73.9236264749999	
1441083660,40.7698096070001,-73.957635362	
1441083660,40.82125804,-73.953671641	
1441083660,40.775434105,-73.951981292	
1441083660,40.8207802320001,-73.935986343	
1441083660,40.7454299790001,-73.990968342	
1441083660,40.7558129120001,-73.986400949	
1441083660,40.7171970580001,-74.012894235	
1441083660,40.72266998,-73.98600365	
1441083660,40.7644200340001,-73.983377672	
1441083660,40.734226128,-74.005406689	
1441083660,40.718278841,-73.990715891	
1441083660,40.736542678,-74.0058543229999	
1441083660,40.7554691460001,-73.98155352	
1441083660,40.8606557360001,-73.9273294069999	
1441083660,40.8606557360001,-73.9273294069999	
1441083660,40.8606557360001,-73.9273294069999	
1441083660,40.8606557360001,-73.9273294069999	
1441083660,40.8616387370001,-73.927964612	
1441083660,40.7560435350001,-73.986949544	
1441083660,40.7637926580001,-73.9974167569999	
1441083660,40.7351380530001,-73.977460057	
1441083660,40.7404897810001,-74.0001349679999	
1441083660,40.7907464140001,-73.9506340419999	
1441083660,40.757711677,-73.9820257539999	
1441083660,40.7566420420001,-73.988371577	
1441083660,40.7554691460001,-73.98155352	
1441083660,40.710401748,-74.0002250809999	
1441083660,40.773135875,-73.956676487	
1441083660,40.7581440540001,-73.964598483	
1441083660,40.815732053,-73.945420411	
1441083660,40.7353566530001,-73.989919672	
1441083660,40.7573798720001,-73.984126607	
1441083660,40.7645355390001,-73.9707283879999	
1441083660,40.821270547,-73.939230368	
1441083660,40.817124823,-73.9480096459999	
1441083660,40.742285967,-73.98063694	
1441083660,40.7937230380001,-73.9706144319999	
1441083660,40.7323702840001,-73.989090237	
1441083660,40.7811221850001,-73.9544036789999	
1441083660,40.7299798510001,-73.9921394519999	
1441083660,40.788681845,-73.974292917	
1441083660,40.7321394580001,-73.98656454	
1441083660,40.753730386,-73.996060026	
1441083660,40.7302189120001,-74.0003117429999	
1441083660,40.7142305780001,-73.994861154	
1441083660,40.80421449,-73.964750975	
1441083660,40.758687362,-73.9951609349999	
1441083660,40.7830162870001,-73.9550017999999	
1441083660,40.7635970090001,-73.97141107	
1441083660,40.7203981650001,-74.0010440309999	
1441083660,40.7912406230001,-73.944924059	
1441083660,40.8416427670001,-73.9410658099999	
1441083660,40.7225215830001,-73.984600298	
1441083660,40.7287878450001,-73.984450922	
1441083660,40.7636528630001,-73.97558409	
1441083660,40.727761867,-73.9893832349999	
1441083660,40.7410521960001,-74.007727621	
1441083660,40.824810945,-73.9386851529999	
1441083660,40.725697698,-73.9882398779999	
1441083660,40.7573471800001,-73.986014413	
1441083660,40.7790326190001,-73.952372268	
1441083660,40.73358123,-74.001379807	
1441083660,40.7308651870001,-73.98148456	
1441083660,40.81206043,-73.95354438	
1441083660,40.8043840460001,-73.9374216689999	
1441083660,40.7443624370001,-74.006598434	
1441083660,40.747092142,-73.9813501259999	
1441083660,40.793018644,-73.974847412	
1441083660,40.8309055280001,-73.9360524859999	
1441083660,40.722377136,-74.001033239	
1441083660,40.793819759,-73.943047538	
1441083660,40.7397243390001,-73.976476965	
1441083660,40.7415063030001,-73.979738601	
1441083660,40.7429294990001,-73.990795459	
1441083660,40.7597684420001,-73.989811298	
1441083660,40.803555901,-73.9652317279999	
1441083660,40.7229969420001,-73.989113418	
1441083660,40.7396483360001,-73.98109239	
1441083660,40.847586549,-73.9336978979999	
1441083660,40.869227558,-73.915431842	
1441083660,40.7538749240001,-73.98482044	
1441083660,40.70978884,-74.01379094	
1441083660,40.8646153110001,-73.921569394	
1441083660,40.7604132270001,-73.987475708	
1441083660,40.814414915,-73.9405335709999	
1441083660,40.719492196,-73.99315079	
1441083660,40.7219789580001,-73.993334525	
1441083660,40.8213447470001,-73.939407339	
1441083660,40.720663793,-73.9880639949999	
1441083660,40.766876247,-73.9597780029999	
1441083660,40.7219789580001,-73.993334525	
1441083660,40.8040460070001,-73.9366201029999	
1441083660,40.8206944930001,-73.9398740079999	
1441083660,40.7330729120001,-73.988776205	
1441083660,40.7525963910001,-73.989469511	
1441083660,40.7616674720001,-73.986562194	
1441083660,40.8086741120001,-73.948652019	
1441083660,40.8122090320001,-73.942251496	
1441083660,40.8644707730001,-73.918944803	
1441083660,40.7502659420001,-73.987860187	
1441083660,40.7445404970001,-73.9888717119999	
1441083660,40.8001296300001,-73.9324015459999	
1441083660,40.7618746900001,-73.966358084	
1441083660,40.7680019810001,-73.983791944	
1441083660,40.77204192,-73.959984283	
1441083660,40.7760706920001,-73.95152229	
1441083660,40.748830502,-73.988477604	
1441083660,40.764488811,-73.9845111769999	
1441083660,40.7639762220001,-73.973241135	
1441083660,40.8496241300001,-73.930742766	
1441083660,40.833301615,-73.9411165619999	
1441083660,40.7177348750001,-73.98577742	
1441083660,40.7421969800001,-73.97468255	
1441083660,40.757240531,-73.9897936369999	
1441083660,40.797634875,-73.963140011	
1441083660,40.871252896,-73.918911226	
1441083660,40.75044518,-73.9757369069999	
1441083660,40.7094382770001,-73.996304309	
1441083660,40.750999048,-73.9906247119999	
1441083660,40.7729235630001,-73.9857872979999	
1441083660,40.8529386820001,-73.9385796989999	
1441083660,40.739583983,-74.002657374	
1441083660,40.814008904,-73.9465634159999	
1441083660,40.7086579460001,-74.01421993	
1441083660,40.7255472270001,-73.994964909	
1441083660,40.7653438090001,-73.9764715279999	
1441083660,40.787496269,-73.9497517089999	
1441083660,40.7467545760001,-73.981588414	
1441083660,40.7294883070001,-74.010735392	
1441083660,40.870931064,-73.9179172949999	
1441083660,40.7275400290001,-73.999409745	
1441083660,40.811211859,-73.9596356119999	
1441083660,40.7249916110001,-73.982799432	
1441083660,40.7887212430001,-73.939996774	
1441083660,40.81667027,-73.938992513	
1441083660,40.7282340630001,-73.990505242	
1441083660,40.748683901,-73.9801803349999	
1441083660,40.7531634260001,-73.9683295689999	
1441083660,40.8104760430001,-73.951880151	
1441083660,40.7505391120001,-73.978833556	
1441083660,40.757346324,-73.9801813679999	
1441083660,40.7670297620001,-73.9679222569999	
1441083660,40.7996652640001,-73.9471997799999	
1441083660,40.813942759,-73.9521991669999	
1441083660,40.8262858790001,-73.93552577	
1441083660,40.8365206010001,-73.940025943	
1441083660,40.7596886760001,-73.9721563419999	
1441083660,40.7628056780001,-73.98051907	
1441083660,40.7628056780001,-73.98051907	
1441083660,40.745737374,-73.990744546	
1441083660,40.8111130120001,-73.952345699	
1441083660,40.726523446,-73.9846390599999	
1441083660,40.746645976,-73.991938992	
1441083660,40.7685891190001,-73.9821852759999	
1441083660,40.8097153960001,-73.957985653	
1441083660,40.7399543930001,-74.006100008	
1441083660,40.7583818910001,-73.9709945929999	
1441083660,40.7487923900001,-73.992234678	
1441083660,40.763044865,-73.9830170279999	
1441083660,40.767627555,-73.9576800729999	
1441083660,40.7688185900001,-73.965354557	
1441083660,40.7636528630001,-73.97558409	
1441083660,40.787567301,-73.9431323319999	
1441083660,40.7689180360001,-73.967535057	
1441083660,40.703352453,-74.013057461	
1441083660,40.7321394580001,-73.98656454	
1441083660,40.7676639420001,-73.968445419	
1441083660,40.8253760430001,-73.938099286	
1441083660,40.815669885,-73.936569294	
1441083660,40.8159130770001,-73.945149307	
1441083660,40.86080918,-73.92691711	
1441083660,40.86080918,-73.92691711	
1441083660,40.7405494550001,-73.987201575	
1441083660,40.748011327,-73.9795453419999	
1441083660,40.8609283160001,-73.920308429	
1441083660,40.701541003,-74.012187932	
1441083660,40.7299798510001,-73.9921394519999	
1441083660,40.7961192290001,-73.9614433689999	
1441083660,40.7656313210001,-73.991106394	
1441083660,40.7816400080001,-73.945903325	
1441083660,40.7185640660001,-73.988201454	
1441083660,40.7091362090001,-74.00686186	
1441083660,40.799761,-73.935739278	
1441083660,40.7181527910001,-73.993829126	
1441083660,40.7444424920001,-73.9761144139999	
1441083660,40.7538248930001,-73.980644414	
1441083660,40.7326520350001,-73.981563444	
1441083660,40.861559813,-73.9247182349999	
1441083660,40.7618746900001,-73.966358084	
1441083660,40.717801138,-74.010610857	
1441083660,40.7412937670001,-74.007226041	
1441083660,40.7208225200001,-73.9841713879999	
1441083660,40.73652873,-73.990727783	
1441083660,40.7485068130001,-73.990588972	
1441083660,40.7224779790001,-73.987136499	
1441083660,40.808630308,-73.963325375	
1441083660,40.7497336380001,-73.989675685	
1441083660,40.746645976,-73.991938992	
1441083660,40.7478810470001,-73.991040191	
1441083660,40.7739147440001,-73.988780154	
1441083660,40.8035591770001,-73.9453653749999	
1441083660,40.836954307,-73.940105057	
1441083660,40.790601054,-73.939363092	
1441083660,40.7398438560001,-73.985523708	
1441083660,40.7437663870001,-73.9879696369999	
1441083660,40.7500219730001,-73.991339463	
1441083660,40.761980405,-73.9716139129999	
1441083660,40.7645355390001,-73.9707283879999	
1441083660,40.7989438270001,-73.9423605219999	
1441083660,40.8023265310001,-73.966128146	
1441083660,40.8077806220001,-73.945484727	
1441083660,40.843144527,-73.94186322	
1441083660,40.7300863840001,-73.986593818	
1441083660,40.8119209860001,-73.9425515839999	
1441083660,40.712199486,-73.9956548759999	
1441083660,40.733883033,-74.0054283109999	
1441083660,40.8375772730001,-73.945471154	
1441083660,40.742273842,-74.0025492189999	
1441083660,40.782556153,-73.976905979	
1441083660,40.718166662,-73.997930778	
1441083660,40.731119017,-73.9936439099999	
1441083660,40.864136085,-73.91918021	
1441083660,40.7044944350001,-74.011564514	
1441083660,40.719379863,-74.0002323269999	
1441083660,40.7504307680001,-73.989282176	
1441083660,40.799196819,-73.9330815169999	
1441083660,40.7071518590001,-74.004531637	
1441083660,40.8197413940001,-73.938581434	
1441083660,40.747554565,-73.993137079	
1441083660,40.7323702840001,-73.989090237	
1441083660,40.7456306870001,-73.998247512	
1441083660,40.771430353,-73.961479324	
1441083660,40.711952093,-73.9898546759999	
1441083660,40.7247910300001,-73.9814249149999	
1441083660,40.7337430810001,-73.995270994	
1441083660,40.843885179,-73.9358918249999	
1441083660,40.7433349890001,-73.984079429	
1441083660,40.8009849050001,-73.968035925	
1441083660,40.803393591,-73.938145012	
1441083660,40.836847284,-73.945692198	
1441083660,40.848395598,-73.932594669	
1441083660,40.7504307680001,-73.989282176	
1441083660,40.7276077130001,-73.985309888	
1441083660,40.7622347710001,-73.968188083	
1441083660,40.7679551100001,-73.982362342	
1441083660,40.801148158,-73.937688383	
1441083660,40.7715845930001,-73.9487600419999	
1441083660,40.818504014,-73.9395038599999	
1441083660,40.7582323710001,-73.977430585	
1441083660,40.7180129540001,-74.0021117919999	
1441083660,40.7294883070001,-74.010735392	
1441083660,40.7221901400001,-73.990917376	
1441083660,40.7373385720001,-73.992654596	
1441083660,40.7803206180001,-73.9856810059999	
1441083660,40.804703192,-73.9570713369999	
1441083660,40.716453362,-73.988367765	
1441083660,40.742663608,-73.998049108	
1441083660,40.7689323990001,-73.960769563	
1441083660,40.7197367150001,-73.9750049359999	
1441083660,40.7101021170001,-73.989790032	
1441083660,40.7729235630001,-73.9857872979999	
1441083660,40.7747735780001,-73.986295984	
1441083660,40.754119792,-73.990212802	
1441083660,40.7497064660001,-73.993425589	
1441083660,40.864166325,-73.927517186	
1441083660,40.7429294990001,-73.990795459	
1441083660,40.7449192660001,-73.988799472	
1441083660,40.728873724,-73.992291119	
1441083660,40.751600255,-73.992046671	
1441083660,40.8011168,-73.952533452	
1441083660,40.7808851840001,-73.9799793779999	
1441083660,40.837528788,-73.9365376119999	
1441083660,40.737964597,-73.9982621469999	
1441083660,40.794499397,-73.946579075	
1441083660,40.7397243390001,-73.976476965	
1441083660,40.813107346,-73.938471954	
1441083660,40.754264999,-73.971909562	
1441083660,40.726738256,-73.991602257	
1441083660,40.7323076180001,-74.003512228	
1441083660,40.737964597,-73.9982621469999	
1441083660,40.723441941,-74.006177866	
1441083660,40.746732438,-73.980491289	
1441083660,40.745573655,-73.977741631	
1441083660,40.7619285800001,-73.990088922	
1441083660,40.757515648,-73.9650572319999	
1441083660,40.7290760130001,-73.984216332	
1441083660,40.8077806220001,-73.945484727	
1441083660,40.8587617530001,-73.931590022	
1441083660,40.7750419830001,-73.9820680139999	
1441083660,40.7071518590001,-74.004531637	
1441083660,40.8028067500001,-73.9575132259999	
1441083660,40.7604649100001,-73.9837324109999	
1441083660,40.7298831000001,-73.985186712	
1441083660,40.7890838650001,-73.968431656	
1441083660,40.7933092960001,-73.963499944	
1441083660,40.7624449830001,-73.9971496809999	
1441083660,40.762027813,-73.999059288	
1441083660,40.758824028,-73.9875481989999	
1441083660,40.811169851,-73.9504491069999	
1441083660,40.774716718,-73.97468463	
1441083660,40.7433477800001,-73.9783594789999	
1441083660,40.741565424,-73.99167978	
1441083660,40.8022686200001,-73.944246716	
1441083660,40.8199334130001,-73.94968025	
1441083660,40.7294883070001,-74.010735392	
1441083660,40.764331145,-73.977197482	
1441083660,40.791594778,-73.966599479	
1441083660,40.7916078800001,-73.9645192959999	
1441083660,40.7945523650001,-73.962585534	
1441083660,40.798803805,-73.971706566	
1441083660,40.8166090720001,-73.9427570779999	
1441083660,40.8516239940001,-73.9336685709999	
1441083660,40.7165077220001,-73.9839198989999	
1441083660,40.7594255160001,-73.991915788	
1441083660,40.7526344140001,-73.98571944	
1441083660,40.8450190130001,-73.941568822	
1441083660,40.8636212970001,-73.920934269	
1441083660,40.7633203390001,-73.973717904	
1441083660,40.7152594300001,-74.0112309039999	
1441083660,40.8142932980001,-73.944330571	
1441083660,40.80128181,-73.969798409	
1441083660,40.750446219,-73.968670124	
1441083660,40.8125835880001,-73.9509285249999	
1441083660,40.7550129790001,-73.966881308	
1441083660,40.7609626230001,-73.9926519919999	
1441083660,40.7673921040001,-73.980297513	
1441083660,40.7796729300001,-73.9862588679999	
1441083660,40.8072412320001,-73.937285329	
1441083660,40.7428584830001,-74.0021234069999	
1441083660,40.8539988530001,-73.9348807759999	
1441083660,40.718624957,-73.995254029	
1441083660,40.733916096,-74.000780838	
1441083660,40.737023123,-73.997093032	
1441083660,40.8622552420001,-73.926297313	
1441083660,40.837528788,-73.9365376119999	
1441083660,40.8655549870001,-73.927269822	
1441083660,40.7584879630001,-73.9673596599999	
1441083660,40.7483667290001,-73.972713262	
